id,name
fbe40b13-ee5d-49f9-9c8e-a3817da6c834,George Garcia
3683db35-0e6d-4c39-bd8c-b1717842c9db,Shelby Gonzalez
b116ea24-9fb2-4a0b-b1a0-4865ced44898,Mr. Matthew Meyer
b05c8b9b-53c8-4768-b89e-db833c5bf935,Rebecca Rich
f3aeaea8-956d-4b8c-9347-4d14e44337b7,Amanda Herrera
72419ccf-e1c1-44ad-a764-efb4c7c6b45e,Julie Robinson
79c676d9-630a-411a-84df-a86d4f351859,Brandy Mcdonald
caf6e2a8-47bb-4ec2-899d-983cee3ec2f5,Katie Ruiz
dbe77f2e-e5c6-41df-abfb-6318ca9574f9,Tanya Anderson
07d71e33-5abf-4eda-b5ed-8f5d7c7385df,Suzanne Farley
e6ca6ddb-5673-4140-94af-856522c5d70f,Patrick Knight
abb449ee-c385-441c-a0ce-352b10c16fcd,Rachel Watson
4bb27166-81d3-4d3d-9f5a-4922ee1542e8,Nancy Austin
e09384c3-6a38-465c-b705-1fa02d8514a9,Tanya Craig
ea53c9e4-732f-41ca-a6c9-a19fea77bfb3,Jessica James
f70b78c9-c345-4aa7-b073-4b3e93c11125,Scott Chaney
3defd97a-044a-4d57-9cf6-002eb99d65ea,Angela Armstrong
325f1800-e53e-4075-8685-7d9f35efdf47,Erin Baker
3aa01550-bf23-49d3-b623-cd4abab66aed,David Grant
bf485143-aaf8-408a-9d73-4e918d8fc59e,Diane Hunter
15254356-428e-4af0-a175-337deabd470f,Adam Rowe
8b77d3c8-dbae-43cf-a278-99b2c8022884,Sean Carter
267a54e2-c562-4d49-a10c-d2f2160a12a7,Kristi Keller
8ccdfd7d-b0f0-4422-b827-dc482380448a,Christopher Brown
d79537c4-f52f-44d1-9e7f-412c7657fc6b,Kristin Frank
cbb280ff-cdfe-4f4f-b83f-d9d54a36c460,Robert Black
d73c551b-96fa-4eaf-9bfc-3dfbde9d6fd3,Brian Johnson
9993e66c-acf3-4713-ba18-d73485bea33c,Martha Pineda DDS
033663f7-0f7c-4c12-9463-fa3907007ce4,Jade Martinez
c03640bb-2f66-47dc-b599-23af3e4c04c6,Terry Obrien
85835299-8f37-4c0f-b0bb-31e2076ccb00,Elizabeth Miller
c0594b2f-3a1b-4e87-93b3-4feb48ffaa6c,Elizabeth Shea
03f3105a-0f19-45bc-bdb4-41a55f716944,Harry Taylor
77b42fed-eba2-4e8f-926f-0ea156d9dc99,David Cooper DDS
9c927df1-3a72-42b9-97a5-b71993f581c8,Stephanie Williams
961e0a57-4e3a-4b80-9343-373c02537405,Stephen Young
457abba4-8509-4df9-9187-1bfbe9448482,Madison Davis
c163c778-5872-4b3a-8ae5-371f6e82efcb,Nancy Rodriguez
0ae1539c-4c1d-4794-9a3a-799be967048b,Douglas Shelton
28e24720-1b3c-44d0-afd5-306001c86e19,James Grant
be98c229-5661-41c9-9df7-112c1e50f6cd,Ryan Austin
d863616f-08b1-4c93-add0-cf6b82062c6c,Brenda Dillon
b1cf2e95-c57c-4ab3-93db-d0051edd37cc,Timothy Gutierrez
b77de64b-d721-4ca9-a07b-512d2644b7c1,Alexis Cervantes
2ebc8da8-1318-4cda-9038-063f897dbb73,Dana Mcdowell
b19bedfe-aa22-47b3-be2d-4a6ba2c0fe98,Ryan Hart
62081d04-4623-4a50-a38a-5ccb1eb106b0,Allison Oliver
1804a10f-8494-4d36-8297-05f68c76f216,Rachael Hobbs
a58753a8-bc93-4890-bf64-9e6da5a319ca,Chase Garcia
b9a650cf-27ed-47c4-863a-15d35c452ea7,Mark Barnett
0ef5ec7f-ba21-404d-a3e3-f2c493115481,Brandon Lang
f84b3eed-35c6-43d2-a12b-392e3a2cdec8,Matthew Grant
dda518e7-7ff1-4a4c-acab-55cf005f50c6,Sharon Evans
fa81312e-bdaa-4973-b39b-21ac655dfa50,Sean Manning
b45f6bbf-b1b9-4cd1-b18c-46bdbd86c13a,Donald Thomas
5e74a45c-70e3-4c5b-9a97-d897fc87c5f0,Amber Franklin
d38b67cc-82c9-4953-996e-7b2b7fdd040a,Charles Adams
fac5959a-2dfb-4e93-a712-fcc816a1a19f,Ray Mitchell
87eedddf-5c22-4382-a952-0f0e700e12e2,Maria Cherry
2a596ea5-7eb9-46c1-a9e8-540ac5114b18,Brad Williamson
331c1df7-bba8-4d32-a8f6-2596a2527894,Richard Cannon
928af760-e3e4-44b6-ba38-b0dc0a42c071,John Gilbert
d6950e6a-cb7e-42ac-a6f8-c752f2c17890,Nicole Curtis
6d88a1f9-61cf-4661-aee1-2e91b35f2a08,Dana Gentry
cb4f6aec-1619-4593-bdaa-12d1f4a12888,Amy Taylor
d648836f-d06e-4906-aa71-6f1deefe7bfd,Lisa Mendoza PhD
02c83d71-ebc7-418d-9ebb-2d3671cbe4c1,Lawrence Clark
da42cf6f-6d37-4f8a-b036-c604a6136609,Taylor Blackburn
d473fea1-4462-443c-8ffb-973c88c239e2,Laura Holt
fdc69c13-8e72-4a16-b731-b92f163ac33d,Nichole Garcia
29a1fe95-24c0-4cc4-aee7-46cb4f6c91ef,Jacob Brown
910c4d3c-c4b2-4bf8-8e34-74c70f01d50a,Jessica Meyer
b1a9f430-55fa-4834-b69b-9deaebd40251,Kyle Johnson
3534631d-fb21-43d8-a119-10d1f9417d9b,Christina Terry
7c0b7e84-8e8a-4fcd-ae8d-295406e9c6b1,Patricia Dickerson
1bfdaa0e-1c9f-47dc-ab52-d615b1ca83c5,Dana Smith
607cd536-468a-4d59-9173-236985291137,Ashley Ross
af6af4f0-0c97-4f1b-97ff-e1378f244d06,Michelle Anderson
8efa32e1-7bf3-4140-b0e4-ee7667e69cef,Rachel Graham
310ae1d6-9f61-473a-8e6e-0bfcb5ecbdb8,Chad Walsh
665e3430-5230-49f6-b9db-3980bfe7c233,Michael Carter
82d0e00b-6629-489d-9cf8-a9de685d43e8,Devin Clayton
b5b70a23-4bfb-45e3-b554-99bd3b37f63a,Kimberly Kaiser
e1d908cb-4ace-4d89-bb4d-c8dbabbfa68c,John Marshall
c5413691-d2ae-4f1d-b276-b8cc76633930,Michael Figueroa
25172bfc-aec3-4658-9400-d466a778fbe0,Susan Mann
271e955b-67da-4f86-a5fa-a4c74a6c9e39,Allison Harris
0438fa2f-20c3-4ce5-a347-07aadb07bc4f,Linda Contreras
d226e11c-803d-46fc-b87e-6ad26e6fd4e5,Keith Cook
d13a5b71-4d0c-4f6c-b66c-b22f91affed7,Kevin Hardy
259171fa-7641-47ab-9759-fdeaf5a67a4b,Diane Davis
1b2dbb8f-90a6-4c70-a55e-9e452e45e21f,Amy Ford
025e20ef-ac2a-4872-972c-cc73a079425d,Amanda Johnson
ce5eb375-9cb8-48e3-bfe0-2ec4e4dc8cd3,Anthony Murillo
0806a202-6a01-4ed0-9ac9-5a0b863cbaf7,Stephanie Hanna
086918d8-56f0-4092-a2d3-e85525e9212a,Ashley Lam
7c99614f-cf11-4c55-9f3f-e3756e96c327,Sharon Sawyer
e439d621-768a-40ee-9b02-934b816452d6,Christopher Barnes
bfc42aa2-5534-4c0f-971a-06013e421018,Angela James
e8c8aa3f-8958-42d1-8e53-ee246c6980b5,Amy Andrade
99779f14-3083-429d-bfec-6c5dc70bceb6,Shawn Baker
06e2152e-6ed0-45fe-b097-b00112abdc05,Diana Webster
ae1f83ba-8bda-46dd-a3a8-52248258110b,Sydney Wise
f3e1b598-6770-402c-9e60-c3e672a9c361,Misty Reed
a7ac8d3f-338b-482d-8b77-b94ddfff424f,Jerry Thompson II
55e665ee-635f-47cf-8b93-af8119dadcc7,Daniel Kelly
b347f140-d809-41e3-be9a-f513abbc8f11,Shirley Guerrero
5697ed18-1243-4b8b-be7a-b12b6a4c350e,Garrett Black
cff76bd9-2b63-4f9a-8571-ffad178c672a,Alicia Clark
0d009b28-521d-4653-9ba8-3d9338a1ba56,Paige Lawson
d23a3ca9-0536-44e0-a147-51f85112015e,Daniel Cuevas
93f152dc-efdf-41ce-b027-d3be4d025531,Erica Scott DVM
529a10b4-7f92-4901-8e8a-9220513f2240,Deanna Torres
8ffb1dc4-bee5-4843-bfa5-4c7bf6a07d92,Alyssa Martinez
592fcf23-a62c-4e10-83ce-fb1f23c51020,Micheal Ross
b573966b-9a25-46d5-a5da-7667042e2e12,Christina Patterson
cb836e2b-7475-4a30-ba51-4dc73e1e3e36,Jose Fox
f3baa7fc-a640-40a5-a8d0-edce26c4bc70,Troy Lane
a1b0ff3e-b6ca-423c-8008-ea31ff686648,Dr. Erin Turner
0ec08c76-fa7c-43fb-9eb3-8c13bd9ab302,Jessica Valdez
98e04d2d-d9dd-4023-acf5-2b88f44fbb85,Robin Vargas
d00773a1-1bb5-40e2-8a4e-475eec53dce6,Jeffrey Franklin
2314f29a-2360-4c15-bdeb-75d15d3f19bd,Pamela Lane
85058ebd-6c4c-4a78-a785-c65f66dfbfd3,Wendy Ramirez
354a6c52-d11c-4032-b902-6831b3e2c680,John Norris
3a888f85-ed6a-44d1-a602-f0e71f5fc908,Patrick Richards
81385c5e-d9fa-42b2-872c-6d02f91537a2,Erik Gordon
9bbf36b5-440d-4ad0-a280-6388e99085c2,Matthew Schmidt
1ba76e63-ce71-4c41-9ec1-d8d28ff12fa5,Kevin Marquez
0ebf7d77-b20a-4589-bcd1-eb22d2e56c45,Seth Frazier
d293ec5f-acec-45cd-aa4d-580421cbcd68,Glen King
422711b4-d5b2-4c8b-af4e-f8b91f196640,Anne Jackson
02cbc7e2-83f3-4ef6-b709-97fb747ff306,Sarah Harris
202c4907-10a5-4baa-8716-e501e3c86f22,Matthew Bryan
1d4e5dd3-f4c5-4572-9a04-6fb2ae62f168,Stephen Barton
f867bccb-a9ce-4c87-83a4-9e0a578c551e,Justin Barrera
950bc59c-4c5c-46dc-8e2b-25ea70a2d200,Christopher Villa
5702b73c-c759-4636-b9e7-44aba81d0510,Casey Martinez
60b8e71f-d3ef-4a95-af60-3b5329527ffc,Sandra Duncan
f859d0af-edcd-48ac-8a01-b6940e6bc17b,Cameron Martin
9f1e4153-8d66-48cc-9725-4d949bd0a725,Chris Graves
15086ce2-857f-4ebd-967b-085e487c033f,George Moore
6f21bb02-b935-4e94-b4e8-9e2c8cbb5b8a,Charles Oneill
c3cbb6ac-3d10-4530-b191-acd4505e1b50,Sandra Ibarra
46429f40-da4a-4f3e-94c0-d6c0145144cd,Larry Gilmore
91227a54-e821-437f-add2-1b36e7e40747,Ryan Huynh
6df15b84-0fac-44a9-b9fe-bfd3a727feaa,Darryl Green
fb1bf96a-c167-40fc-aa8e-4a59301cd0dd,Leah Estrada
a6dbbf96-b856-47d2-b0f3-afe67fdf9c5a,Mason Thornton
94339b78-bbb8-4b67-b959-52b67d96139e,Alexander Garner
28919048-8c48-4766-bc0d-e779f172a177,Jessica Taylor
b9b08461-287b-47a6-b992-43700737665b,Ashley Franco
048a8d56-baad-4076-a16d-0836b79f81d9,Paul Marshall
bbbf8166-7691-4c6c-a6a0-0877eb154487,Joseph Adkins
2c565cef-a198-4db3-99af-c6a5ab858584,Angela Stephens
9bfe25b4-e05a-474e-996f-3b3f53dab03a,Veronica Buckley
1229c3d9-9242-461a-8d0c-e03a17f5f203,Heather Ritter
ac645820-b6ae-422a-b880-ac4d1d9d914e,Jay Haley
879db90a-cb60-40c3-bc89-e9860a0746bc,Amber Cortez
24c25df9-2d7a-44c1-aae1-789614dba94a,Kenneth Wilcox
a8024287-a9aa-445a-a080-9061fc6fb669,Ryan Carpenter
c6f24813-7fad-4098-a59c-12810f406439,Mr. William Baker
537d7527-ab71-4f29-be43-53bed2f1c5ba,April Morris
fa9f9210-76a2-40f0-b1ce-9e476ba1c599,Kerry Tanner
924cd2ab-e7c4-45a4-8b11-323118026587,Lindsey Hunter
493b2322-7547-4492-b43a-f4985d669bfd,Jonathan Graham
39b9e28e-4b00-46b5-b4f4-c7dacf685a80,April Baker
8e4791f4-36d9-4a3c-a19c-3a769c0ef76c,Jennifer Singh
941d1d2c-d226-4523-b086-904c4a0b8eaa,David Garrett
1b0d7c3f-2bea-4a41-bbb1-ff05deb56b80,Carol Lee
e6899d8e-126b-45c9-a184-2af753677c98,Andrew Perez
31cb41de-3dcc-4c70-933b-53eef7077274,Latoya Garza
bce30e5c-2921-4378-8810-31319f81bacb,Lisa Martinez
1662b6ab-4643-4036-8977-c232609a73ed,Eric Austin
3738d06a-073d-47a5-b399-67e88016156f,Jaime Hester
529365d4-78f0-4300-92d6-d59cc9dfb747,Richard Martinez
270fa1c2-e1f8-4722-aea8-ff7721dd4799,Dillon Jennings
40aad06d-f742-455a-a2c4-221fd6aecb19,John Washington
7f98d8e8-c3c9-450a-b5df-2b762e674c20,Nancy Mercado
5b906beb-bbb1-4cb1-b1b7-626cef0f970d,Jamie Hughes
3345638b-541e-463f-8e41-26b8465e51d2,Michelle Herring
e506f285-2b40-47d7-ab9a-aa09e002775e,Jon Heath
614b4742-55b5-4d20-83c9-9aa0afaaeb21,Jeffrey Gutierrez
0b8efaea-f3ee-4fee-940f-0ea0b5e190e2,Melissa Miller
894dbbd2-5d62-40e2-b3a2-acf328e32d0f,Kayla Brown
2f7cb564-730f-4093-a2e0-57f06dfdbcdb,Stephen Mercado
2681753d-921d-4771-a802-3a29c8084345,Michele Mayer
b218f6cf-803c-44e9-a1bf-6a3c3376bf4b,Sean Koch
33d06dbb-16ae-42a5-89c9-db94c3223738,Eric Young
f97588fd-113d-4e35-b3b8-f3ab3c3e60b9,Johnny Ryan
d03eadae-28bf-46a5-a524-b9c8aebb8c52,Joshua Webb
6d29e8c7-8790-49dc-bf53-5315af58f504,Eric Porter
7b157b41-3203-4d94-9f9c-dea28568f124,Arthur Evans
337952b0-d5fd-454c-a373-03fd3fde9be2,Susan Phillips
bf039979-cf0e-41d7-9e7a-f9426159462f,Elizabeth Ryan DVM
5a15aba4-8124-4a8e-ba56-a13d803d64f1,Emily Barnes
7660db1b-99c7-49cd-b588-9dd7e4dee444,Kelly Singh
a2d8edc7-cb2c-4ae0-8424-e09419627d33,Calvin Mccullough
ca68a9f0-c236-48a2-aa69-aa78b1b2d56c,Michelle Wiggins
fac9edd8-ac3e-4371-9c76-59e60d7610cd,Dustin Andrade
97140e41-920a-4462-ab44-77e6525302dc,Scott Smith
13ce514e-62df-47ef-b4d2-6298f5ae6c54,Mary Owens
b429973e-0dbc-43be-b5b2-4aed3e0a301a,Mary Dunlap
b1aaf035-c6a1-40ba-bb75-bfb85218dba7,Molly Smith
23365b26-6648-4cb1-9440-e5156df96397,Dustin Clarke
f9cbcf6a-6f75-4461-bd95-34ea7331e412,Michael Conner
d241aa59-cffc-4e58-bf82-087ad8ccde6e,Donald Weber
0289c716-7ad9-441d-b622-8f5571424fb6,Christian Fernandez
cd3eda90-fc63-47af-b230-9e203b7fb876,Allison Clark
b6f68cba-0294-47c9-9547-d2472c1cf49c,Joy Peterson
97b724a7-da53-4b89-9551-f3a86faab049,Michelle Sheppard
4f816ae0-ce6f-49f5-87a3-2ec8f6b262a0,Gary Horn
f6acd0bf-f147-4a82-8293-b518b64e8065,Stephanie Anderson
ff2bbca5-51c4-47a2-ad0a-2dd5b95d3796,Rebecca Torres
34e05611-c3c3-4fd8-b3f8-ecec7580123e,Michael Steele
497c8538-1cc2-4a72-bdee-2e6d06688d3a,Sally Eaton
3a6362c2-2e9d-40d5-be6e-7fd51559ae89,Julia Baker
9a755e27-f985-4345-b8e6-5a292bc6ddee,Kristin Mcintyre
ed233013-4b0b-4951-82a3-054217760bf5,Michael Ball
744c8c5e-9f09-439a-a279-e3a942fe82b9,Matthew Allen
473e8c2c-fc10-4985-abf9-01471b379258,Jeffrey Bailey
99ad7616-1236-4268-9f98-b15ea7bec3ca,Andrea Randall
1c0f0473-0e6e-4683-b4a1-5372cd5145b3,Andre Sanders
b79357c0-066a-494b-a9b6-f687bdd26e57,Alexis Mcpherson
f6b27c1a-af46-4eb5-8919-df26a7b56f6a,Katherine Griffin
01ab1944-8cbb-4703-baff-1d08782f62a7,Traci Maddox
a1851260-f96d-407c-88ea-5d4d12c8e320,Dale Colon
f4e2ff4d-6c84-4b69-a2ab-442d0467d174,Deborah Jackson
2c7f355a-71e4-4660-b8c0-e7aa34813043,Jessica Wade
c23543fc-b0b2-423e-b396-aad20a141b47,Stacy Ibarra
211be4cb-ca08-4e33-bf6d-dd4677ddac67,Ronnie Knight
953a3725-ccbb-4f2e-84b3-db9e519f06b7,Crystal Serrano
6c4e72c9-aa26-4289-bfe0-bc056532a4df,Christopher Ellis
1464f694-98d8-4a7f-96d8-bde146ac6871,Maria Adams
860e516a-88a8-4430-9758-7f439cc2bbc8,Denise Anderson
f7bfc6d3-31a4-4fa8-a8b2-91047288a540,Claudia Rodriguez
a0a3f89d-e3a5-4caf-b774-b6d7723f8f83,Lori Chavez
88b0b119-118b-43f2-90b3-3b7918de1e14,Danny Walker
c0433e4f-904e-4b02-b24c-b02f22d401ec,Melissa Davis
521e25e3-9b37-4523-807a-e52dc547e385,Bradley Shannon
33c3d9b4-c76c-4654-8d07-2b526442318d,Carrie Russell MD
2367a3c5-a363-45ab-b8c6-37f05973ec68,Julie Fuentes
c434d1c8-725c-4c48-8679-8556b883f48b,Kenneth Moore
7e961a3b-560f-4f63-9079-b7b4fd59af4c,Ronnie Anderson
df9a9dd5-2fba-4c9c-aa25-8097696449c1,Maria Cook
3cfeccb7-8aa5-4c2a-a0e9-c1207b1bee5c,Omar Tyler
8eef15a9-b984-43b2-b12c-035cb08c588e,Carrie Abbott
22c33726-3873-46c9-b778-022ac43f9d9b,Tyrone Ryan
2dd3cd47-a8ae-43be-95cd-cb1dcaa92b30,Mark Taylor
b5e8b6ab-c9af-44f5-ab22-ef88043eb38e,Amanda Martin
4362fa17-6945-4dbe-a396-5160c41f1907,David Leonard
769c64ea-f031-44ac-972c-cb82e5d36dc3,Jay Cruz
6259b1d0-5bbf-4e6f-92eb-1bc942477efd,Todd Burton
dc00ddf6-6262-448a-97ea-a4b00f8969a9,Michael Perez
1d6da3a1-db10-4935-95b2-c68330871d25,Brandon Lindsey
8f4ed095-8c46-46e8-8e89-f7dce16659cd,Barbara Pearson
7f7c8af1-e0cc-4b84-b827-f48ac99d5ff4,April Curtis
27b2d11c-43ce-4e4d-a7e3-1fbf21ca9cda,Janet Griffin
90292af7-c7f0-477b-a7da-b50c9d5beaa2,Mr. Clayton Kramer
6c964331-9e9e-496a-b8c3-7f7f9e761296,Veronica Garcia
83171286-c4ce-40ab-bc5c-1c144ccb70fc,Derek Marshall
27021d04-28ac-4b9d-bf8d-1edf8f2bf4f9,Gerald Odom
49838a0e-d6d7-4dd3-a7d7-14681e402a59,Kelly Kelly
cbdaf997-a8d5-4e90-8711-694cb51e5a61,John Fischer
05cf7293-efd2-4cac-bcb9-92db342b73a1,Donna Garcia
1694b1c4-4583-4ec1-85b3-3d92bf744f7b,Yvonne Watson
0cdd6e0c-c94d-4815-8c34-b51854cac48d,Andrea Page
7e283c35-a6e3-432c-b4ad-da15b885157a,Erik Mason
a87a0daa-f003-40c4-88d5-2bacbd844cf7,Joy Lam
22dfc1c5-b103-425e-bc49-c2172bf1e630,Amber Lopez
a54b190a-00bb-40dc-9916-6949d3aef50b,Debra Wolf
500d015e-e769-432a-9878-a054b4316c04,Connie Collins
a585b06e-44c8-4f1d-a634-ee8f2db87770,Laura Hernandez
74a464e6-df05-4723-8923-a56bfed49451,Charles Waters
a5653a8a-2a4c-406a-8e66-805f0853329b,Kim Moore
3bd9fbf0-9ffa-4cbe-a9c4-c70d91d6a00d,Brittany Turner
6005ed6d-598d-49d3-b90a-38a98ebfdf7a,Carlos Bass Jr.
95870d7c-b8c2-4ffc-83a4-6a99658ec7f2,Dylan Lopez
14565ef0-06e0-40f0-b14b-5823249035a1,Gregory Hayes
a5231a9d-b3ba-49ac-97aa-6e98d7175814,Danielle Lewis
13cdc062-eb6d-40d5-a424-000db3ba74a0,Richard Holloway
f4b45e95-fbb6-4f1b-bf3d-ff5be8939091,Michael Garcia
0c396511-8e08-418f-8235-71d53795b8fa,Timothy Meyers
6ab2d188-23f8-4218-90fc-5fb113b92981,Arthur Mendoza
c45bc531-afcf-40ad-9653-22d795fbeac6,Mark Jenkins
c7d21925-d0f7-45be-b169-d8775c2759fe,Michael Baker Jr.
4a341ce7-a14a-4e42-982f-b928d5f54f80,Miranda Dixon
a32c1d15-7b56-420c-9aed-d79d7c5e9a49,Ronald Tran
f7ed4c8d-0762-438c-b94b-6ebb8105c50d,Martha Johnson
598fb52c-f12a-4734-b023-167aaeb2d777,Lori Butler
0382cdc5-1444-4d26-9eac-2501c570b8b1,Kaitlyn Allen
3cf519d7-402c-4ce3-805a-98036b07f2c1,Abigail Lindsey
6c2d4903-dc72-4c12-acf0-4fa5af659524,Andre King
5dbce5ff-58ca-4991-98ca-11a523942069,Wesley White
00bfe7e7-9f7f-4b93-a77f-9a4cecf44e78,Leon Oliver
cada00d2-6818-4d56-8bc1-138166860a4a,Angela Hebert
45654974-5d7c-4a73-b170-35ccebacebe5,Joshua Gallagher
9d5d775c-30a1-413d-a0eb-6c87a0e8bbeb,Angela Huffman
07aac1bf-fed8-4678-975e-c7cf80e1d845,Brandon Shannon
b83f9055-0c95-4736-8c17-6f7df41f740c,Holly Lee
4ea33f42-7d57-49db-a074-1072b968023d,Kristen Mack
289ed15c-5404-495d-9fdd-4165699e7549,Angela Smith
7976f514-99e6-4211-8f07-604357846580,Patrick Thomas
e324f9d4-77eb-4828-83cf-93d22e91a0bb,Nicholas Curry
9b612c62-b81b-4ad4-9e0e-e3bd985ee3e7,Stephen Miller
de4c8b2c-6572-4e49-bd95-9c1fbf105c9e,Alicia Huerta
1773fbbf-d73c-4ba2-8dff-f9b621a18090,Madison Mcintosh
373d1ffe-f6bd-4de1-bf2c-564ee0659f4f,Julia Henderson
f96b6a34-b7eb-4e5c-9890-3684a56fee38,Derrick Brown
e36c81cb-4fed-4ae6-94af-951bd38c61eb,Roger Carroll
2536d2c5-1839-4a6e-8956-14887898ed84,Tanner Mullen
57a7e2ce-5fac-4b18-9152-5b1fa5573322,Katelyn Thornton
3134a962-ba3e-4466-8b3b-afed78a17b07,Brian Velasquez
8ef64aaa-6f09-47be-9f2f-30b3c25f9aa6,Lawrence Brown
38edef49-8236-4254-9590-d17000d34adb,Matthew Jordan
936e1a31-eba2-42bc-913d-bcb7e7d40930,Samuel Washington
88e2101a-c526-4ec8-8ea8-0d6e6fbe3550,Thomas West MD
6a431a0e-73e1-41de-9c9c-0f70ac0ee16e,Andrew George
c498c238-f7a1-49f6-be57-45dfeff1d15c,Timothy Waller
ccf521a8-2ad0-495d-bad4-86811aa147ea,Justin Chambers
41f4abda-a243-44c6-b4a4-ef69d5367417,Christina Ramirez
462cc846-948a-46b5-a03e-fabed046f405,Lisa Snyder
092c2941-c007-4bc7-9202-e0cfcd495b22,Natasha Wright
0ece995b-beff-40f9-b69f-eac95a4210fe,Emily Brown
36748999-497b-482b-a09c-c504aaef068a,Melissa Wood
1045b62b-c8fb-4994-98e2-0c56d3bd9b2c,Eric Francis
34dbdfd2-44c7-41b2-8fdb-e5256c0f6ea6,Aaron Williams
59300907-ef89-41cb-9003-1ad0544eabcc,Casey Barnes
5b0fa01f-9925-42ec-8a5c-33030990f8d8,Destiny Tran
00a98022-9797-456a-9a9c-6e25f2a276f6,Lisa Lewis
d691573a-619b-4a56-900b-417f8a35e85b,Roy Young
4c27288e-ca8e-42a8-9df7-d7c287b430c6,Misty Lee
a856628e-c95f-4adb-b976-faf7a59dc6f7,Alexander Burke
53822fec-779d-4202-b460-a3d1b3ec4b14,Bruce Cole
ee1e753a-cd4e-4e30-909c-fbd9de79ee7f,Edward Ortiz
f7bdffdc-bbc2-4a08-a522-e3cc6904a43a,Allen Nolan
817e22b7-8aa2-4650-a760-6e50f71df193,George Bennett
01c1d8ae-27ea-41a8-b0db-2856de383e65,Nathan Murray
6bc13528-df32-48b1-bf85-81823670d581,Michael Cobb
1cf431ac-315a-4a29-acd0-c86a70ad957a,Daniel Small
c3a05688-9919-4a2b-b0da-ee35561fc863,Julie Barnes
71d981c7-01bc-426b-b00e-df22850f1a73,Jill Contreras
5ab56659-3808-49f4-a2d0-9e08e7ebb5c3,Amy Wolf
9a990035-e2e5-44eb-a088-7c46c1909a36,Erika Phelps
ac69ab3e-ef46-4075-ad6c-4fa567049291,Janet Robles
6092a9e1-d269-42f7-8683-4f960b7fb10b,Shelly Benitez
3a6a17dd-299e-4897-ac2c-70d842d33fdb,Kevin Graham
77c7d5e9-2fd5-41b4-a3f1-07c8fd68a5f8,Danielle Gray
363477e9-5bfa-4a3f-9c6f-40ee4e157131,Jessica Bauer
ca1c0695-95f4-48f2-a251-e1f542439742,Jean Adams
f08e49d4-a791-4a1d-b45f-4470ddd3660b,Pamela Johnston
58bec97f-389c-40b6-8c60-673d24385de9,Rebecca Bradley
12dce65a-cce5-418e-9365-dd978abf8ce5,Jason Henderson
2b49a990-2f36-474d-aa69-b5b96ff5173a,Traci Hicks
0e278c43-d15e-4bb6-860e-e66b57a99681,Brittany Hernandez
23081246-2717-4fcb-8766-237bcf93235a,David Perry
d4b64170-7785-4aa5-bd93-7ec87ecfb1f8,Caitlin Vasquez
3e425b1a-1ab8-447b-901a-feb45e370a83,Brendan Rodriguez
7f2abc24-aadb-485c-915c-469fc1ec2421,Katherine Wood
71b4ab1d-538a-439a-ba63-54a289037837,Melissa Webb
5d1fd2da-280c-408d-8b4d-11b4e22d0b95,Trevor Gaines
ebda082d-1c77-4670-87f9-83b64b630d88,Deborah Peck
e7b09356-7454-414f-bbea-9fb403afa21e,Keith Burgess
3aaf6174-c856-4797-8683-5b82712431df,William Trujillo
328ea192-33fa-4d95-b055-b2653f8284d0,Gregory Reynolds
df38dff2-958c-4fb8-a52d-6ecb8d3042a8,Kristina Garcia
16881a1c-b61f-426f-a6ff-d124f98dd2d3,Jeffrey Lopez
f42d233e-1cd1-45e9-818c-a1810b86337b,Harry Smith
c7a56fe3-f2f5-43f6-9884-3d98f459fdee,Kelsey Palmer
588124ea-20aa-4a77-9089-6b7cbf129e7f,Michael Steele
8ab71398-7169-470e-a0a1-f2925c46150e,Andrew Cohen
50dcdb33-dd20-442c-bddb-a67919a729d2,Annette Turner
e5d20c98-16e6-4959-b5e6-12ff0830ee75,Samuel Wise
46658204-de2f-4f90-8005-bda83ee4ef26,Carla Jensen
566b410d-657b-4347-8ce4-d8ba5c93ba02,Mrs. Stephanie Riley
f35539d7-8a9d-47df-925b-7ee691c3bda0,Samantha Mills
4e057e4a-7372-47da-95e4-0981890d1dd4,Kelsey Walker
cc9a96e3-2f6f-4f89-8b9f-b413cb095bd7,Leah Caldwell
063de0c9-fc3b-434d-9c56-613824cf4d20,Mary Martin
5b25b0c6-2d73-4686-b238-a3b4d70c569a,Renee Clark
0005d91a-67e6-4f16-a5e9-2f13e2d8dd90,Joshua Simmons
53552939-6c23-4fd9-b301-7c0977965f48,Kelly Pearson
ce27ac9a-cede-4cda-97a9-8e1bfe0882df,Brent Barber
6d07f38f-6a0d-4357-b9c0-612fc2250050,Sara Powell
bafedbb5-351f-4b0e-a4ae-b38be1b9ae68,Amanda Harper
cbfdeb2c-229b-4913-aba7-91cab7ca812c,Stephanie Price
b7906858-85f3-485b-a2f1-5b3a8b592dd8,Connor Watson
7bb9f039-51ec-44b0-bd7c-fc78bbcadb4e,Gina Porter
7731593e-4c9d-4aca-a37e-d8aa225045bc,Thomas Watkins
d99344a6-e895-44a8-8200-15454bba7276,Misty Robinson
1ee24125-8d03-44af-aa24-91d25b4cad82,Gregory Good
8c8b7bd3-4442-435b-bc7d-5ee7b60f351a,Michael Smith
9c19b203-c4b4-4ace-84a3-e75eaf0179c3,Emily Farrell
b8726c61-488b-452c-9dd1-ad159c6fb21f,Anthony Jimenez
64908793-8d85-43d0-9ca8-4ad3973c9ab1,James Calderon
bb5bea6b-4d26-441c-a740-99ceb0efd8c6,Sharon George
3643d74e-b1eb-4277-a4e0-be8cf94702e3,Christopher Pope
b3f003d4-f058-42dc-a9e7-60095b6f7951,Patrick Holloway
df2fe071-029c-4a53-a24d-9060534f4a41,Ray Jacobs
5ffe5651-0a0f-4e9a-8a28-bd088c023ab4,Wendy Tapia
2b945eb3-38fa-4ba6-82d0-e1a428683f94,Tiffany Logan
8bf0812a-e11f-4da5-ad4b-533913219ed3,Michael Fernandez
ed8c7ecb-b2a2-4991-9248-6a41d9b0b080,Jeffrey Woods
fc166c3a-ac89-41b4-b9e2-36c41116fcaf,Katherine Zuniga
147d328e-05da-4bc3-b15a-33019bbbc59b,Alan Cruz
d07eb948-c7fa-4465-ac84-1ab21b7abf14,Paul Thomas
c0be035d-fe4e-415c-8492-8ff6e34a427d,Christopher Mason
54c9f144-d6c0-43cc-84f0-3391e6b02dcc,Kimberly Haney
ce7bc1f2-e4a5-4656-ad8d-13d94064bf03,Meagan Robinson
ebc21198-1dd8-40f5-b214-baae6e47fc6b,Christine Harvey
f4964706-25f7-40c0-a1db-42adc55652c7,Roy Phelps
19709073-b173-421e-9247-5cb1087508fd,John Evans
10e131be-2223-43f8-b2a0-ef85d3abe4cf,Chelsea Blackburn
af0d0b98-3f5c-429c-bc4f-1933840f992d,Nicole Morgan
8a77369d-fe77-4bc2-b89d-b617a51f19b8,Robin Reed
1703fa98-3a69-4a07-ae83-2f99383db213,Donna Crawford
400984ec-0da8-4b5a-991f-02a25f21793f,Jason Chung
c693a205-4de4-4678-9ca3-05b7fcdd4691,Mary Nicholson
11a1e072-2b4f-4d7b-b535-e54f37c6b680,Natalie Johnson
33127814-019b-43f7-beca-826c2b97563f,Adrian Harrison
6e81bc66-b6ac-406a-bb33-7b93ccbc9a16,Ashley Sullivan
70e3915e-ea82-473d-b33e-0908c54dff45,Andrea Moore
c730c810-9b0f-4df3-aab3-525a608e7b33,Donald Smith
3788810a-98b2-4493-a53a-41a5700ba264,Nicholas Cohen
3386e8d0-ab36-4fbb-9603-0a1b2249e47f,Ryan Nash
70d00c8b-0bbe-47f7-a1be-50d1d3d52851,Adam Roberts
bb2d21fd-123c-454e-bb6d-edb605675292,Christian Young
04275744-f6ca-4e41-909a-7dca7ebeec81,Madison Austin
d4bb7124-aba0-479b-8a3b-19e0656327af,Cheryl Howard
7c510190-765e-423e-991d-7ecd180569bd,Charles Romero
9d80ff75-4c89-4b00-8575-c196513f0de1,Melissa Gonzales
9f871052-5b44-4af0-bdd2-a42620f945c6,John Nguyen
961e5f06-4c14-4687-9756-f9ab61bc2c4b,Michael Davis
5c400ba5-fe50-488a-9009-8d63fc208906,Christina Hernandez
478e4cf3-cfbf-4536-abf2-5d5a7d97e30e,Amanda Castro
69d4ca42-f9de-4dae-af53-99f7cfa189fb,Joanne Mahoney
b4a95279-54d4-4ad5-878a-b8ec93cfed90,Gerald Figueroa
804268d5-9586-440f-9d0e-a779c05307f9,Laura Taylor
e07ec56f-67a6-447f-a3db-c67de9274e84,Teresa Moreno
1acc2bf2-0ab5-4958-ba59-f89a3668dd14,Crystal Porter
18b90a34-40f5-495d-9ee8-19ffe4a09145,Catherine Krueger
47978c6f-98ca-49d3-a983-2f18e366577a,Justin Hunter
7bcfb954-7b80-4760-8978-3abf89b4b672,Andrew Foster
462ca3ef-7e4c-4638-a6df-6bfa7a696e3d,Corey Rasmussen
a7da5cfe-71ca-4e45-82a0-9e14b3100aa2,Sara Dominguez
04d0e160-3eb3-4ac4-b294-655632b58a49,Dana Simpson
de640e21-d4d6-4ec7-b075-09a7415d852f,Savannah Nguyen
39a2c319-4e79-45eb-a208-d534a0d268bc,Cheryl Wilson
e2d0ff3e-2ba5-460b-9f92-7e1f78003f6e,Michelle Herring
54ff0aee-ef6e-4160-bc7d-b8d841224e1e,Mikayla Cole
7d88a769-2f1a-445a-b096-1b61ce54fab9,Latasha Spencer
aeb469c1-5a7d-4ce0-a409-8db4935c9a8e,Katherine Spencer
2a0bce0e-dd5b-4a10-b33a-2aea26d35a59,Kimberly Morris
c47abe79-7cca-439c-9fa6-72821c884b12,Steven Atkins
2936fd7e-8847-46d1-87e2-534591efa0ab,Tracey Larson
b4949ee0-7d48-4c05-9b5d-aa5777ab9434,Barbara Smith
cf2fa06a-fc76-4628-b38d-8118b92902d8,Michael Macdonald
1488f247-bf82-4a4c-8baa-51e71f9a01a0,Audrey Campbell
89be3702-503a-4a01-a8d6-c1baa734b526,Tyler Ramirez
84366ed3-fffe-4157-9a50-401d7983b0c9,James Santos
2fc6cfe7-9af3-48c3-9a29-d5e1fe457db1,Michelle Williams
d01ce06f-1fc6-40d4-999b-2081ae32ec53,Margaret Houston
b3550e48-7ad0-42a1-9ec2-9641f9cb3348,Paul Green
87227a85-9b0b-4399-a8ee-e6d8bb0f5c09,Robert Perez
2a7b5109-56b0-4cfd-8b1f-73c70c63e408,Gina Kim
33a33de2-f0b5-4e20-a3b2-dc2c8a04887d,Jeremy Cook
34318603-f67d-4426-8355-fa1525103e4d,Benjamin Williams
2898b3d2-084d-493f-aabc-fc4d07b5f25d,Sheena Lewis
6334901a-de7b-4814-9b9d-85062897a9c5,Cindy Gomez
870fdc91-39b2-4d4d-ae45-10ed9c444674,Brent Shelton
468c216e-d8e9-4f68-8ff4-42f853d03d35,John Hartman
a98601c1-d44b-422e-b4ec-1c5219d1253b,Karen Oliver
0bb366f1-2c42-499c-bf71-ecdaa88728b9,Malik Cain
13e3c2d8-c2a6-4832-866a-c6b61285291c,Michele Moore
33cf3839-1530-4e4d-b24c-653ebeb62de5,Maria Shea
8081e0c2-c99f-4bc1-b746-6e3463a9d972,Stacey Ferguson
51027052-6305-4d66-aaeb-26288e1179cb,April Meadows
a7dbd44a-0de6-448c-9551-cddc412b1a2d,Melissa Vasquez
6e34bb2f-f6f0-4efc-aa7b-0ab5471ee9d9,Christopher Cain
abb228d1-7bd1-4aad-8e7b-db2609f55f5a,Manuel Hess
920828a0-6f78-4ba0-b443-9ed00197c0c3,John Paul
ffe93fff-ad20-4292-8751-9739ea2835cd,Jeff Brown
5bbe2017-82c8-49c5-bbf8-548542274b4e,Shawna Williamson
0c90c110-5f72-42dd-a43a-af64b9dbd285,Ryan Rose
3f1fec6f-46ec-4ca9-9fbb-da3af083755b,Marcus Wood
641b54b2-a1a2-49e9-aaf4-4087e716d160,Steven Carter
ae8387a8-1ae0-438b-a37f-24d5bc54e614,Ms. Dawn Wyatt DVM
5913a45e-d635-4dfc-a270-183e54f51203,Andrew Hicks
de0dda77-a076-4f83-9872-e66abdd35160,Jeffrey Boyd
361a6ef5-c9ca-4d0a-ad8e-79ff74995b12,Michael Jones
05f6b086-1ea9-4f57-8847-6219c6fd9e89,Jeremy Martinez
b4016886-de35-4f53-b84d-66aa3cfa1464,Daniel Kaufman
b44ac8d5-4023-4bbf-a63a-5072956e8ec1,Christopher Williams
cc0c4880-c1e9-4997-9e59-df1d0a0a7121,Jeffrey Smith
7c52562f-2f35-4d1a-9a77-3ea1bfb19aba,Emily Briggs
5e429621-5196-4665-8bad-d9a09bcdb8f8,Michael Rodriguez
61421b8c-ab4d-45a1-8aab-73a84f8f9c77,Lisa Huber
e6893db0-5632-4e2d-9330-b8e0120de12d,Elizabeth Walker
59dbee7e-485f-4099-9767-708ef4d2dceb,Evan Williams
535d11f8-42e8-452b-ac89-a3da654d188c,Jessica Brown
d829bf69-9b27-4da4-a0cc-8c4f61ec64a2,Gina Green
c6cf5063-82bd-42f6-ac51-8ee594c548d5,Emily Liu
337eaa43-2d5a-465b-8288-e9289f9b8e6d,Kathleen Rice
761a52b3-6690-4139-9035-8d32e35dd3bc,Christopher Moore
61828bb8-a303-4fe1-8b97-e9b4e5763bda,David Lewis
e141f5c8-d0ce-4033-a925-42b53c927b7c,Melissa Mcknight
34a86821-7558-4c40-ac11-7863f12561a0,Tricia Garcia
9202d7b7-7946-4e62-8f76-47ecb11e58f9,Johnny Lynch
b195a5e5-debc-42c2-8b08-d77d445b47d2,Susan Humphrey
a22f61f4-1949-455b-a127-9e5205e33e3e,Darin Burton
046780ee-d08c-43d4-b5d5-8644d6529c1f,Thomas Williams
3708ae45-4b60-4d87-8541-0fba9dee28b4,Christine Gonzales
0ac72843-414f-4c20-bec0-f06bc5c625f8,Matthew Zuniga
fa4b6d82-52a7-4795-a0b9-fd5899eada32,Stanley James
ef9442e2-0986-47f4-9009-83f686c83986,Noah Jones
3c175a0f-b658-4e69-b7ec-378fca3e5777,Denise Clarke
77944313-ff61-4270-b4e1-8661410c3aa1,Amy Mitchell
5512b26e-3919-4448-955e-d80ba27b0c7f,Eric Mack
774e0f8f-4bbe-4cad-a121-219cc5a17815,Nicholas Gray
35da8b2d-c450-4aaa-ad24-a7056cacb7cf,Mrs. Ana Garrett
0be17443-f974-4971-a2ca-73eb9dc00bfd,Dawn Thomas
e9515378-7d19-4de9-bed4-78f4358d9f20,Jaime Wood
d473df40-5238-4c0a-a9f9-d4d0e4b9c37b,Thomas Fernandez
c82ef35b-35e9-4a73-a502-018214f23f40,Michael Flores
5b94ce40-5f39-43da-aff6-c812cd77382e,Cynthia Gonzalez
c7da9e96-c994-4df3-a88e-5b75c1c47d0f,Dr. Tina Thompson
91026cfe-7d2d-426e-be4d-c5f98c409a82,Ashley Elliott
f10201ad-e19c-4876-97f2-a677146d5d90,Lisa Jones
f16d1e34-cf2b-43f3-bea1-b97b4472952e,Timothy Clark
69318287-4fc5-4bad-a5b2-e17bcda65a66,Victor Bullock
5b60c247-359f-4832-9e3c-4749d2718cd8,Matthew Jackson
5120c7f6-3ec8-4c45-96b0-3910386a5bfd,Samantha Miller
a2451a0b-485b-4c2c-b0a1-ce5b955160fb,Roy Torres
e6ff4273-cd51-4f40-b0fa-d1253bc5b397,Benjamin Adkins
1196c0f3-96cb-4e7b-9b09-3cc76ed2bb77,Sarah King
1b5ac708-e1d4-410c-944c-bb5b52a00d66,Robert Everett
4e25d0b0-97a8-405c-a9fe-a3ccedbc086f,Stephanie Powers
4ec02e9a-ae7d-41d5-b62f-ed5b104faf70,Daisy Rocha
72fb82ea-22e4-49b0-9390-bbf201f73660,Kathy Thomas
8774932e-ff3c-4cd5-843a-fb7c6d1ee87b,Jacqueline Lewis
c1f01c74-4264-4bc1-8b7e-6fea8d80012c,Nicole Kane
97cefdf5-6048-41f3-8c16-c0cda8d9d121,Robert Dillon
8bbe0469-1332-4947-874a-469cd5d93a89,Gina Bradshaw
a6b71503-721f-40d9-9860-fd66e70ddebf,Cathy Hernandez
9ee2c97b-2dd1-4f4c-8e54-cc37f9590f63,Kimberly Coleman
377d5b69-d0fe-4c31-b7bd-fc7918992d73,Shawna Knox
cff491b5-cd11-4e89-a991-6550d0ba6615,Tammy Green
e1e80e59-7a92-487d-8713-af02c88c55ec,Kaitlyn Taylor
0f785448-dc8f-4ebf-ab11-686080ebf809,Douglas Brown
eff7cab5-823c-413d-a9b6-f81a0908c9a0,Shannon Taylor
257883e5-daf8-4728-9f37-7dc07025a15a,Michael Davis
9218ed31-6b63-42e6-8a66-ff00ed14d59b,Kathy Thompson
e14e4d50-7534-425a-9b32-0fac99d0e3fb,Karen Howell
96f8a947-863e-48e0-be09-b8ad645a0992,Cheryl Robinson
b8de1f17-8547-4cb3-a499-f7e817c044ab,Steven Vaughn
9431d669-66a4-46ad-95ff-890581e63aab,Emily Bennett
408055fd-e995-4f18-a089-89ff2953e0bb,Dustin Reynolds
73fb935f-d907-41a4-8fa7-29f9c284b83e,Pamela Davis
ef69f4a5-9ea6-4339-aab6-f6018b39a2b3,Karen Pugh
a899d604-69b1-4209-9299-711471895d56,Jennifer Medina MD
ccd254b9-2516-488a-80be-3b09d256642b,Kelsey Taylor
40c0b314-91d9-402b-ad53-103c146ddc12,Colin Campos
abbae55c-bf21-4176-a4eb-87d64d9adfee,Stephanie Campbell
2fd08512-39ac-49e6-b5d6-3a46a40e472f,Mark Olson
ab19425f-242e-493e-be02-c21cc0d9866b,Taylor Smith
8d520c8a-1a70-454e-b074-9f06379d4c75,Brendan Atkins
74aa29c7-f283-467f-8abb-a0df5d7eb3f3,Laurie Ortega
4d5e9043-80dd-416d-88e0-423adbe01354,Victoria Wood
22b603dc-3633-4fde-804e-e58ff3a17fdf,Samantha Arnold
345ff2bf-fbcf-4b7b-9d87-8b56bccc7dbf,Carrie Silva
aedf64c1-3f03-4e0e-999b-d71c2603e21a,Courtney Roberson
04423690-fbdd-49e0-8a81-86783fb25080,John Collins
7c12f94c-1075-43d4-84c1-ec6369e1788a,Michael Schultz
3d785b12-9a80-4cf4-ad66-d5956a2755f5,Marc Green
8fadc362-f465-4708-adda-6b15cf08937f,Joseph Wilson
0f060b29-f75e-4f50-8343-24060c26f629,Terry Simpson
f4eef748-4fb2-432e-8de3-0f7bc05272a8,Stephanie Castillo
955b9d71-94a1-4fed-b1ad-dbe42bd768e1,Linda Williams
73b30384-070a-4767-bae3-9ea86ce32e02,Ryan Garcia
989f056f-8df4-4045-923d-af61a2c4ba99,Robert Riley
32d6b425-0f10-4bac-a3dc-3540e6175a0e,Mary Jordan
347feaeb-c6a5-43f2-b80f-f04188cf59ee,Courtney Martinez
1f317b14-4a84-48fc-b1a7-81855c580909,Brian Ford
acb53af3-bce1-4be8-8225-fb7b9fce96d5,Ellen Crawford
58b03af3-5593-4835-81c6-a23aebedf951,Joshua Proctor
ac6311a0-2688-41d3-b5de-c176b49f17e9,Alexis Gutierrez
651feaab-e69f-4014-9b8e-8316623f73e7,Shawn Cummings
11ab1b61-80c2-48cf-a81a-82fa5e4b0ab3,Deanna Kennedy
24906077-e72e-4f66-8e37-f649687faaff,Victoria Terrell
e74f89a0-1511-40f8-b94d-ad59cacc56b2,Emily Butler
87b04bee-7102-4202-bf24-46775624ca3e,Maria Fields
ba8e911f-54e8-4120-8a45-333250ae82e8,Kevin Tucker
8f058e2e-f137-4de0-b72c-597bacf95bef,Cathy Castillo
b1fd5783-1d50-4910-a0e3-8745c58e2203,William Robbins
41e2d4d2-db31-4c08-ba00-e1618a4410b3,Dustin Santana
725f78ae-3ac2-4956-8ed6-fa9e5caa98da,Robert Skinner
62670eca-91c8-417d-bd72-87687f7173fe,Don Valencia
03de2bac-7ebb-4c3a-a324-e0fef62fa4bb,Charles Carpenter
ef567930-d2b7-49d2-b3cb-2502efcb3886,Kevin Jenkins
5afbf26a-4bd1-4760-bde9-e14e10f0e6bb,Natasha Johnson
5917b4d2-8165-464f-bbc8-b112edbd7538,David Buck
edeb1828-b838-407c-94ea-e84798a91028,Linda Snow
817544f9-6a66-45fc-a9c2-bab2e4837b86,Danielle Weaver
91d3e67c-ce09-450f-8bfd-c54449eea95c,Karen Sanchez
fc8e0521-6f4b-4c30-844b-809ddb4a4b24,Edward Carrillo
55595fa8-9c6a-4aed-b70e-d8a1a4f5d39f,Dana Williams
6863ac3f-8394-483e-b4e4-6a2effeb53e6,Diana Taylor
1cb9b5a7-e6dc-42f4-8ac0-05fd0897ed75,Beverly Peters
64b975eb-fe37-4395-b45b-4f3eaf5d2eab,Scott Harrison
8d88b046-cf85-4948-a98c-532b64a4c8da,Donna Collins
2b39c02e-363c-4b85-89ce-caa22c4fe1c7,Mrs. Megan Scott
9fc36f09-fe16-407e-a221-d08bbfe71318,Michael Hall
f0f4eff4-c880-4179-be38-72a924d01118,Carrie Wilson
b99d29a5-0f4a-4bc0-bc20-d7a4c6460997,Teresa Evans
37964965-ad46-483a-a0c8-9b0fc82fe2fe,Chad Garcia
6fac14da-51f5-4a5f-b53d-ee05018efabf,Sonya Moore
e13234d4-0228-4f93-9603-aecde3b543f3,Matthew Dawson
84b6bf54-aa10-4ebc-bd86-36a4616014a5,Michael Walker
6932e82e-9f8a-420a-9573-276533390da4,Tamara Berry
aae83d05-efdf-4aa3-ac24-be0e098f50ff,Andrew Serrano
b722789e-c083-48c8-acc0-d230adb4067a,Heidi Randall
bbd4d3f6-b666-4e58-898f-e64afe37f1ed,Paul Barnes
f9b97726-40f3-4663-89ec-8767a563bbad,Melissa Allen
52a0fcf0-d5c7-4242-a154-373889f2bfbe,Courtney Harrison
5f48fb3b-fda8-41f6-8333-c7af242cfdd8,Julie Taylor
a506fc60-5e64-4f28-b98a-62f54b355d54,Jennifer Sheppard
bc5d2d4c-404b-4c76-b35e-8402cdaabbf6,Cameron Smith
dd3a515d-1452-45d8-b2ed-f8bd50c7d4ee,Kyle Mckinney
7b2ff3b9-705f-47ea-85d7-74297b7d3435,Ann Yoder
261b8b10-4b3e-44f0-b753-7f52d6b6c8bb,Jeremy Shannon
24269f7b-c10f-4110-b4c6-6ddf1517630f,Sara Henderson
5c2440b9-19a5-4c9b-9274-11555c68c9fd,Randy Lyons
6a1f5753-e4da-41f2-9adf-f04bce7bc608,Barbara Koch
0b26d743-d446-48dc-bf3d-c7bfd311f527,Dr. Melissa Russell
822c8ccc-c4ba-48cc-ac15-8f4acdc8964c,Christine Gonzales
7571141c-c4f5-4990-8bda-d51109feba79,Danielle Griffin
8c365ce8-381f-47d1-9746-6844330016a1,Kenneth Nelson
9e6e03c4-70f6-4694-9e65-508429084578,Cheryl Campos
1b7e5558-d263-4158-b491-201970d2423c,Christina Howard
1d2712cc-c494-4316-9810-1e7142967c73,Matthew Chapman
1df5331f-14ca-44f1-8c4b-eb6a79b23261,Wendy Bowman
1f05aa88-c75b-433b-8d18-2883ee1ce6ca,Brandon Hill
7815663c-3058-4d50-8c8a-1dfc55f04c99,Crystal Mendez
8488e093-caf6-4e9a-bb67-b124f8716548,Jason Garrison
7edb4f24-c854-4edb-8c51-feb64a006001,Daniel Schneider
4ade2549-776c-4005-a2ce-42b09006ed78,Jodi Mitchell
a5dfbc83-9046-41c3-b5c9-2ed1d127ea60,Justin Miller
356b95b2-caa9-4214-bdc8-364bf9ddea7b,Jerome Martin
7eb0e79f-08df-4c64-9e69-e9f5b1f6d6b4,Margaret Hart
1395c03b-f61f-48ec-b295-0fed17312213,Kimberly Oliver
4b1cf2fd-723c-42a4-9449-e102b8866dd0,Scott Young
39abb39e-0936-464c-9365-d5ff8bb738ec,Valerie Bonilla
cac05431-6f12-4447-8935-0879fca80591,William Ayala
5fb76fc7-137b-44bd-b54e-c0e1e52b4eff,Stephanie Nelson
a195e938-c0e8-4585-9420-96decee2273a,William Wallace II
ac37a9bd-af74-44c9-adbd-48bcd8a37e38,Frank Montgomery
675b12ed-bc6a-46a3-8a5b-f0d26233e9e0,Henry Flores
b438699f-6489-4f57-a648-ea1afc6e5529,Dylan Anderson
ef3cfe21-3275-4451-bfd1-3140ed69992a,Jonathan Lee
22ff1c75-5260-49f8-9d57-c3c8fd22d1a1,Kelly Lopez
fc43623c-a86a-4fca-9410-00c9227a1345,Hunter Dean
5a3aafca-294c-48a9-81f6-34c45062efe6,Sabrina Downs
724a042c-3159-4f37-bcd9-5c62ab2a614e,Melanie Cervantes
70a6511a-2cfe-4183-a743-6ff2be1ac7de,Melissa Austin
ceb6f394-ff00-48de-bb7b-3ade2a83b3b5,Amy Charles
bbd7c52e-930e-4dc4-9bbe-1bc72e2e192f,Karen Reynolds
4da79ec8-7848-4f15-a3fd-a1d94d1fa428,Kathryn Mendoza
70c4368c-75ce-4aa6-ae10-5ce65ec041e6,Mr. Brian Wilson
b7c74964-826a-42f4-a13b-3d264d06fe5a,Tyler Evans
c089a2cb-d853-4465-8dd6-9c38449a01d4,Matthew Green
35b3b6b8-8981-495a-b72c-551bf5948d4b,Darrell Cox
583a2374-fa0b-4dd5-92e1-c1312ddbdc39,Sydney Eaton
97cce52b-dd6f-4171-9969-21728b9db04c,Wendy Sanchez
fa2b6ba9-2804-4808-91c1-260772febb04,Robert Marquez
a70572c2-4982-4238-a151-479249cac423,James Gutierrez
8a1ec728-414b-4909-bfe8-ab39f296b2e5,Glenn Galvan
54986a4a-df06-4f47-bf81-a12fe1872d16,Stephanie Quinn
bfa282e8-c071-46cf-b120-c9528552e3cd,Richard Baker
4c673e37-6c80-44c2-849d-3abf03d9cb72,Daniel Monroe
7622c55b-c682-45de-9c2d-cf17b2271453,Jessica Cole
93f3972f-2e99-46c4-ba2a-d8b7e301a8bd,Edward Whitney
6cae7293-c295-40e8-a6c7-50a03048d632,Melanie Davis
e198dd0f-07e8-41fe-9508-8b8beebf0fea,Sarah Porter
da06cc2f-a360-484e-9596-16cbe4ae6cdc,Robert Underwood
337bda30-e920-48b5-aa4c-f5a3d6eee902,Ellen Jordan
3961ddf2-2947-4370-8e84-386718f5c2d8,Lauren Ward
b91dd1c1-1bf7-46fc-a3d1-5818f22ef3bb,Allen Harrison
f5eaa474-76af-4e1e-b397-cc5639806018,Holly Johnson
9e79136a-ff50-4e58-9585-58c466cf1563,Michelle Barnett
b3b4a00c-8ab3-48b7-9a9a-365a6ff45630,Sean Barnes
a363ee2e-8157-437f-8b3a-0ccc5ae798b3,Ashley Martinez
4b5a4f31-ae78-41ac-b59c-6b1f4a8e1afa,Daisy Johnson
ae4df234-c957-4fa1-84e4-822a83e3e99a,Stephen Smith
722d4e80-9cb2-4929-ae5f-f56b31d41f58,Emily Dunlap
391aed8c-c283-4eac-a79b-1b2cd52f8112,Andrea Jackson
e575eb36-50dc-41f4-a822-78164228bedc,Steven Wood
cc0998f9-57c3-4861-984a-e699695e0984,David Alvarez
537732da-708a-4c03-bb74-affce7689753,Sherri Hernandez
f09adc04-974a-482c-bfeb-cf481958c934,Ann Morris
4e751017-fccb-489c-8019-7768ae8009fb,Kevin Martinez
92e99a3f-7920-487e-8ff7-842f8acdb11d,Leah Hensley
3813a8b0-2c7c-4dc4-acca-7d03f596cfdc,Lori Hall
231316ee-7d41-40bc-8eb6-ad94aa3b0c68,Carolyn Carney
735ef46e-ac6d-475f-9028-32735e469c5f,Anthony Silva
8e612df2-3cff-44d6-aafe-79d78465fecb,Janet Martinez
8c49869a-01f7-4989-9404-052da7976b3d,Leslie Conner
67e38153-3c9a-49ba-85eb-cc630a2f23ce,Joseph Mejia
08bddf16-e84e-4efa-a95f-39340f66a99b,Andrea Obrien
3b6322b0-17d9-42db-84d6-44a5da12970d,Jennifer Manning
ad5f0df5-db71-449e-8525-fd4ed513c82d,John Simmons II
cfcc37ac-0012-4dd0-9bc0-d84b569d35c8,Sharon Smith
3c15d351-eec4-4b68-9d28-3ee1e7c64d58,Brandon Duffy
b8b52993-6351-47aa-9180-64028cc6957b,Lisa Lopez
381c0148-1776-458c-93ea-9cb999080833,Catherine Robinson
96ac0635-5660-4f1c-988a-3474177de4de,Daniel Wells
d2a8ff7c-e6c8-4575-8d93-3737c5173030,Cindy Matthews
0befdba4-ed78-4f82-a665-1decef2ad973,Daniel Smith
18812d35-2c01-4cbd-a45f-90b2184df9d9,David Foster
080836ed-09c5-4460-b83b-abf1c12e34b6,Douglas Coffey
24397f71-19d5-46bc-a2da-61ec13fdea7c,Lynn Smith
deb12fd4-fd79-4244-997f-3a3043ff5670,Tiffany Zimmerman
0a2afde6-1077-4ce6-8a6d-1ab2c3dd5a36,Nicole Jackson
8024d642-fd9a-4611-a41a-2bfe646e772c,Jason Krueger
429b1706-45ee-4189-9e6f-17cd02167c30,Susan Castillo
1eba348f-4ae6-4aba-bf83-5a1e5b2ce6e2,Justin West
8f15033e-b20c-4f74-87fc-cda436bdacf4,Jonathan Herman
3d1577c9-c3ef-4294-ba4f-233097e3c173,Luke Bolton
f3e32a35-342f-449b-8749-012d81cba1bf,Mindy Wagner
99d06ec3-505e-4f1a-b4ba-a63144327763,Ashley Davis
d8355f9a-39b3-465b-acc9-997138c642af,Katherine Martinez
f52dbc1e-29e4-4405-aa2a-c3a27f5ee85e,Lee Hill
2f792708-929f-4da8-a38d-d6ec1d6d856b,Eric Schroeder
3a32343d-f13a-4f1e-b18f-be27928a2391,Brian Church
1a4bb8db-8a4e-4c55-ac04-7926d95998a7,Christopher Cannon
e73eb7e5-98f6-4257-bf8a-a434c5f2f4f4,Robert Mitchell
91d419f8-caf3-40d5-bf4e-79d15f5db49c,Kimberly Stark
5d6dd6c6-3dc7-4c7a-bdd0-94f932746c01,Keith Perez
b8cd5c3f-2cc4-42ef-902d-bbbb3d6bb6de,Jennifer Johnson
34f1c64b-5e91-4383-98e8-a29348eeba37,Kimberly Butler
5e562b37-8710-41da-ac46-8f14e5d755d6,Paul Gomez
ce1b1d7a-e007-449f-bb7f-00537a764a72,Robert Wong
7b6bf7d7-8d62-4041-a195-3f81fae045f1,Monica Warren
4f0ede3d-4e32-49f1-a4cf-2259f7832e66,Karen Garza
1bca5342-ca63-4583-a231-8c404b68d090,Aaron Wilson
bde14995-bc59-4604-a50b-a3463900cbfa,Jesus Padilla
9ed53c91-766a-4899-b8f3-b61d84387bab,Carol Vasquez
3afdc6f0-cd30-48f4-8fb5-347a74944e8e,Brenda Daniel
75d44730-e819-4214-96db-fa6c3811bd3f,Candice Adams
3fce83ae-ad89-4118-ada4-6e2ca1d2074f,Jeffrey Barry
bc087594-0af4-4263-b8e2-9612e92cd3ec,Tamara Wallace
6d9b3e72-be59-46d6-a379-b4ddfde101c9,Jennifer Porter
d3584c60-3c9a-4fe7-82fb-e41e5eecceb6,Wayne Baker
75728ab1-d5b9-40ea-93c8-ad0f96509186,Chelsea Schultz
6c61320d-37b0-472e-8e14-7091090cc7e5,Tracy Munoz
259ddbe7-26ed-4072-987c-4b7f591f4cff,Eduardo Kennedy
fa4344e2-637d-4370-87e3-71aeb33db90a,Matthew Walker
e2d00333-2c5b-4c07-963f-0343043cb00e,Stacey Miller
998d93d1-4fb8-46aa-b7d3-e3775662e815,Mary Alvarado
ea52650a-333d-40b2-a165-551c54324214,Elizabeth Hobbs
abcf8302-b6cd-42e6-986a-f300f2a08294,Christopher Smith
97dc804e-6010-4722-b712-2511bdccb4e1,Michelle Olson
4cc6a9b4-794b-4ba3-95bb-39ace8af9412,Matthew Carrillo
283be2a6-8ed7-4328-9c34-4fcccf22d9fa,John Williams
174b91a3-3e90-4084-8dfc-f462c5e57e8d,Lydia Khan
8e3300af-a9c8-4ffc-885e-f23261ba0695,Frederick Singh
228d1cc2-9962-4831-8bf2-bb8353e29ef3,Chelsey Ramirez
eb83cab8-c093-45a4-9676-0fac2de4e4e0,Mark Guzman
5e7d2623-4e8c-4716-9223-cd36ea5ec7e7,Melinda Torres
47b45a27-6c9c-451e-917d-31461fdf648f,Elizabeth Arnold
fd659c46-e681-4ac4-96d6-0f95c9b1d274,Joseph Murray
ccb300e6-ddc3-4de9-8b8b-d9561d2d6ab3,Thomas Armstrong
72ce75e7-2824-46df-85f9-732e60480e29,Rachel Sutton
ab37028c-18ba-46de-8002-c02b6563cd0a,Nicolas Kim
60338d9a-8e8b-40c4-ade3-3a9c8eaee554,Henry Zamora
6ba58495-8e02-49e6-a5b2-1a418c66c97d,Joshua Smith
7c4d0ea0-2912-4f78-9932-8d7d543aa725,Jean Rosales
2a792f4c-af8d-40bf-80b4-607ccb5a59e5,Gabriella Choi
71fbc02c-6ca5-4aca-bf38-285bb5c450d3,Ronald James
53a0fd55-0d4f-43ab-9c75-2476b559e9e9,Rachael Stafford
f8e5a75a-8e49-42e5-b44a-38b27681b1f7,Mr. Christopher Price
4fd97aec-089d-4222-a845-5f23c2681157,Shawn Rogers
361a6601-dea5-41bd-af98-08522d9cbaac,Mr. Roger Johnson
c6ec2c5b-9c62-4d86-ba99-74b257261d2b,Brian Bradford
71c320d0-fc70-40e3-b945-73c3c77c1499,Mr. Brent Ward
869471aa-3d9c-4599-a18f-55ed89fe3ff0,Kristen Ramirez
8627893a-9a7d-4f7b-9d4e-25c6f22d4620,Benjamin Jackson
f88f3907-b5e6-4464-b161-d1b7e12ce6ba,Paul Grant
d6ab7b56-f9d8-43cc-b45f-6c63a0cb0f9c,Kaylee Pena
60ab6b8f-29fe-4934-97aa-a383cf0b1f54,Tara Osborne
b5afe8d8-2013-474a-8d97-348c46a6454f,Amanda Watts
98f8d28c-f4a8-48df-8194-4fc3d1b71697,Brett Brown
72219281-6c7f-42d8-8890-d3074bdaf42f,Alyssa Cruz
f323f93d-0b8f-4a5b-bdb5-7ea4c5e42758,Amanda Hodges
39d34471-a5e8-43a0-a2e5-d4855abb26bd,Raven Johnson
cfb6c618-529e-4e64-8699-4ce64a095417,Dustin Sanchez
7f18ccce-293f-43ff-9a32-430b07ae7e82,Patricia Patterson MD
3a30b78a-78b3-4785-b50d-12ad87a6403f,Elizabeth Davis
deaff132-ed1e-4730-9ba0-25e0da96a3a7,Jose Butler
b2b99a19-1705-4cab-821a-1c858d361add,Matthew Thomas
94f486da-965a-43d2-bb20-73400f74d042,Jacqueline Palmer
92688cd9-ab7e-40c3-be96-a2bb2dc0c83a,Amber Coleman
d208a048-9b72-48f6-8b6a-c462522c44f7,Maria Guerrero
8a66ca2b-7cc0-43d2-a43b-73037a1328a6,Leonard Jackson
74ad2a61-0e45-445e-9acd-18545c307722,Steven Hall
c3fd9899-dbb4-4ee6-8aea-a010a7af9fa1,Taylor White
cbea5e7c-26d4-49ee-a522-ed502db1df2e,Sharon Sims
342ca258-2b15-471a-b8ee-011164739f35,Allison Young
5be05795-ffd3-4ce0-bbfc-238cece0fefa,Jasmine Knight
f4c57ff4-5688-4a80-95aa-84083f168178,Robert Anthony
e66a49dd-b732-4c4e-b7b8-895c6c1c7be0,Pamela Smith
7cf8cae5-4548-40da-9d26-21b6b36a3f83,Ashley Miller
4dcad703-9977-4ba1-99f1-4a8227b00831,Christopher Kim
eaee12e9-d15c-448b-8642-192ac7b29bc9,Sandra Myers
9b82d791-ac60-4383-b2da-bc9c10d1febb,Jeffrey Joyce
bf677709-ff5f-4801-853d-6427f2b63087,Lindsay Shepard
705f52ca-a89c-4d2c-a40c-10cfd99552f5,Renee Gibson
6e04137d-f14f-4b20-9ebd-709df01d03e7,Danielle Gonzalez
2b7db965-a8b5-4da3-a5f5-b2d33fcd6595,Diane Vazquez
31d28404-ea0b-402f-a4bb-44d45f4bdaee,Elizabeth May
ac4ba2fd-16c1-4264-a789-12a2679aa8f8,Thomas Burnett
2d9614c4-885a-459f-be90-f8a035d3aadf,Nicole Smith
06395136-a740-4025-9d25-39f34fb39087,Daniel Mendoza
9dd10d8d-d08d-49df-acf7-959243a81825,Teresa Williams
224edfa4-b2f9-4f64-aaa3-545500c6a158,Wyatt Carter
ffaeadf0-5ced-4e76-baff-0720302fd71e,Alison Benitez
74023543-ee64-443a-9296-57befad7a892,Leslie Cruz
bca300c6-9701-440a-89df-8f42111a6dd5,Rebecca Flores
f21546c8-3db1-40c7-b234-82b72197e1fa,Miranda Myers
7e69537d-2670-4b70-aef6-a3bf1b2da80c,Jacob Ingram
0ee163f1-29a6-42d6-b22e-691e1c922f59,Melissa Brown
cccd1d65-29f6-4bf6-9f46-903509828a49,Amanda Snyder
c50670d4-3f98-4a89-b22c-3b9b9f65c913,Melissa Larsen
8cdc7ef6-a262-4f42-ad33-6a5b6048f789,Abigail Wolf
689d9073-00f8-4583-a6a2-2b641bdcc50f,Dennis Johnson
77f4a4b5-faf9-4d84-ad23-2ceca75149a5,Mikayla Rivera
39e7b855-d659-4906-aa49-7552a7e5682d,Amy Simmons
462d52dd-d6da-45af-a20f-f293ed059da0,Kevin Mcguire
68ff0599-9b29-4af0-bbdc-4f4e815d86f2,Kimberly Gregory
bd83a894-ff74-40ca-9c61-e331516836da,Cody Perez
6c4dd317-8daa-4871-b335-30193c3ae7e5,Destiny Simmons
5b5891a5-fb02-47b3-91d0-87cbc22b5641,Omar Reeves
9ae068e4-b935-4716-96bc-737964024d91,Jeffrey Silva
8437faf5-011b-4a4d-823b-2df372ad4751,Bruce Henderson
905777a3-829f-4c8a-83f9-79ac957ab827,Brandy Joseph
c2744971-715c-495f-a6bc-25e57fb8484e,Dale Berry
8a14688f-b239-463e-823e-fd3e1269ec9a,Michael Morris
cf5a9443-f3ee-448f-a4c1-229a9b1e5330,Mary Deleon
59b2495e-ca3a-4bbc-a632-635edcdef0a5,Leah Miller
ffd172f3-a19a-45dc-a1fd-e6c698267519,Joseph Smith
a16ab971-6c42-4529-95be-73e225bcf1aa,Nicole Russell
61954402-8524-4e9b-92ac-766b12595a41,Anthony Rice
c1071c1c-c6e6-4f3a-b591-ff22dd6487bf,Brett Webb
f091bc2f-5845-4d39-bc9a-292ad4b5402d,Patricia Williamson
6cec8348-4dce-4cd5-bde3-7a12027132b8,Kevin Castro
868580f8-eb25-4a8f-b772-b2dc3ca35920,Barry Mann
5120a2a2-963b-494e-9b7d-a826e832c673,Manuel Price
d6eb807c-32ac-41e1-a478-0aec3fbb0521,Jeffrey White
b7e69d0b-6d6a-4dd8-8a36-d20f0a0740c2,Daniel Greer
d57c14c0-11d2-4161-bb12-fc91eaf0838e,Jonathan Johnson
bc264ca1-4828-4514-aa21-ed62a3f7bf41,Kathryn Black
33b798c0-cbd2-4291-9539-d09ea7ad07c2,Jacob Brown
5c7294a0-11f6-439a-ae16-90955b9bc209,Alexandria Jarvis
4c12afda-fb39-4268-855e-13ba9f2e31ad,Cole Kelly
5aa563a4-9fde-4616-83ce-34fa5b6109e3,Natalie Wilson
1bb2c9b4-2529-4453-9ea6-cf90e84d2e78,James Gardner
5901f558-e2a5-4aea-a0c9-79093e7cf056,George Shepherd
ba56e281-3f95-45df-bb82-b43128306c0d,Christine Wilkerson
035f0935-cf22-4bbe-ac02-cd8923d4cddd,Gregory Glenn
6c5d7697-74f2-48c3-b55b-014490263eff,Jennifer Miller
477092b5-e943-4b82-a8af-e0b3c4cfac7c,Claudia Jones
d77521a3-6784-4b31-a184-4e29f4e6ef07,Kathleen Hudson
0a4ed596-1f28-460d-a80d-e6d2e73c785b,David Gomez
ad860b0e-e517-4557-8a11-b763aa8c69df,Jacob Reeves
a772394c-7d57-4d83-b044-ddc5aba70fc4,Christine Waller
c2a2971b-7832-4815-9713-d7c3a8d95ea0,Jordan Mccullough
72b715b5-4bbf-4d55-b8ab-bfb32e0938c0,Gary Kirk
194fe769-836b-4614-8c23-2c9a6231e812,John Pacheco
6c695921-a416-4836-b330-dae09cd376a1,Steven Escobar
73f8ba84-de9b-45c3-88f6-3821a847e45a,Dr. Alex Butler MD
4071d0b9-0540-4206-88ea-c15bea4c811c,Lynn Ramirez
4c473dd7-20d6-4776-8ac2-11c4d3f54876,Carrie Johnson
f80339da-cfdd-4d00-9f1f-e39230ec4753,Ronald Jones
630f28ad-5938-4a82-a2c3-f8e7f53b6bb5,Paul Huff
ba836aa0-3031-4da0-ae69-121883f37adc,Jeffrey Ball
30fa3ff5-151a-451f-be4a-b66d4d18d03e,Stephen Acosta Jr.
364c0fe6-fa9f-45a7-ba33-be88c996cf4e,Kyle Carroll
7ffd8f68-758e-4a8e-af37-788d1e1d7d18,Dylan Smith
e5e5e9e9-546b-4d6d-bd95-9bff339b9625,Brandi Douglas
f20677a2-a3d0-41b7-ad3a-a84cd1d1e915,Jonathan Bennett
9c846b91-03ae-4dc2-85e7-152da03e8be5,Anthony Stout
991c1ebe-d7b8-47ad-b23d-e6e3e2c238e5,John Wilson
41d313d0-58c9-4174-aad9-0b6ee6ee75c3,Michelle Conner
9315bb82-949e-4b4d-893f-bebe3c832632,Kevin Elliott
4733fb0e-2b3f-47e9-97fd-5c624c13eaa1,David Reed
6f5d509e-18da-4324-a815-dde81212b4fb,Ann Sanchez
20d7771a-f2ce-44ec-a862-e5cd0d7ce5c9,Ann Dennis
26a17225-dd74-47c8-857e-c22a2385148f,Christopher Mitchell
c2ecdebc-f8db-465b-b3ca-8e7065467aad,Joshua Henderson
436cd8a3-2ea1-4623-ba53-a73d450e3ff1,Charles Pineda
b9289530-8ff3-4935-9196-0cba9beee33e,Garrett Sutton
7cda800e-2290-46a8-ad6d-e5e1ea7b3b27,Courtney Dunlap
18a0a92e-4a89-4355-9c44-0b793008d3d0,Amanda Diaz
24121309-1d45-4d22-a69b-352538a66b5e,Natasha Johnston
e346f3ff-9258-4d44-ac8e-fb5be318defa,Taylor Hudson
b90f0666-e9c7-4b40-8294-f665646c576a,Crystal Thompson
aaf9b7b8-a3c0-463b-ab37-3994c4a1f80b,John Chavez
82c3c25d-a23f-4463-a21c-d44aa480f13a,Jill Barrett
2471b346-5462-4b2f-8756-78b3e07d7bea,Richard Martinez DVM
9f27a4e2-383f-4e7a-be6a-2852186f3041,Douglas Vasquez
9eb84ce7-2bf4-4b04-a865-53f767e01288,Stephen Hughes
9045be02-4e21-4f29-80ab-866d76915059,Luis White
79d34266-05fe-4fee-9802-ac4819273562,Mary Gillespie
351e655b-6b37-44f9-b5d4-fc0951bf0ee4,Ms. Mary Parsons MD
9d3b9370-d463-4d7f-a805-100afc10d880,Andrea Callahan
afb01b91-995d-4830-b636-6f1da6fdf5a5,Kelly Wells
2932092b-504c-4eec-be37-bdbccc3c415b,Gregory Anderson
1996ba85-f9c0-4a1f-b5cb-d1727404f96c,Brittney Bennett
8c3219d7-f0bc-4a29-b73e-4c22766ab2cf,Michael Dixon
f188adac-66a0-443e-998e-a8afac6ee9e2,John Barton
839d734d-3e09-4b21-9369-169efae67e88,Susan Taylor
0424f707-782c-4849-81d6-4654a5488161,Scott Webb
112a9d02-d89e-4079-98de-567dd1b63e8f,Christina Williams
75d00ee8-4fc5-444f-b62f-77ac0e1e8c6d,Michelle Gaines
b7cd2a04-2e6b-429a-b90b-fe14d0e8f24c,Wanda Osborne
c08b7b40-4e2b-44a7-9df4-bdf1b2eb80f0,Peter Ross
a628f944-396b-4072-9181-e9d6f54f3932,Jack Huynh
a793603d-80e5-4484-8725-3d32c09e010e,Christopher Ellis
64f94970-48ae-4e22-b12b-1ac737fbee6e,Anthony White
bb3514a0-5cd4-4ab3-963b-ce9394b2dd83,Courtney Rivers
22b81fcf-2d0f-4e27-a2ed-75a6beacf50d,Logan Livingston
e580da6b-e125-402e-af12-086eaa494c62,Mrs. Hannah Figueroa
2082ff14-eb29-495c-a621-abcdd0202a55,Rhonda Ward
c6ef3b7d-4079-41fe-850f-b6c876a7863c,Emily Bishop
cd31ffc3-fdcf-4eee-8ef3-efd537b9c592,Sandra Gordon
bf5530a1-bfeb-4bb9-99d4-1151ade11a8d,Dr. Lori Nelson
70ae81e8-e87a-4b4c-934a-4652da11af40,Karla Vang
8e15a24f-3018-4e39-bd78-5ac264d12ad0,Martin Cook
35551e4a-c16e-4b90-b8f8-fe674f7b0d0c,Dana Moore
28204da9-38d4-4bda-a3f7-cfad8136ef07,Tony Lewis
0eb65c82-9b15-4b17-8e7e-59de058b90cc,Aimee Dean
7acd2c2f-232e-4056-a2d7-9400ebed67e4,Anthony Ramsey
258b145d-ed73-4ef7-a21d-320937b59d4b,Andrew Rosales
e2bc0dc4-38c5-431a-951a-3593a348693c,Mark Smith
10a0c686-584e-4cf2-abf5-eb2442f26f79,Ashley Le
739981b2-8097-4ee6-87f9-f2b740aa944b,Carl May
062d7ec4-2c06-44a3-a148-306367cff6e0,Vanessa Serrano
a52e6c0e-102e-48c7-a8e5-6b07d6f7b134,Amy Johnson
7fda64bf-1bc1-48ec-b310-4a79615a18b5,Max Daniel
778c67f6-d810-4f80-93b2-3276c34358a9,Robert Cortez
abd33b61-cac6-4688-a445-4a919b30f5c1,Heather Ferguson
df2f7a6f-644d-43be-8888-70503c735e75,Sarah Hatfield
6319641c-4da7-4a49-84e7-ec5acd0e06b3,Chad Willis
be46aab7-5ef8-403b-98f0-5275b747697f,Jennifer Martin
7cf092f6-df91-4854-a432-42480a18de2c,Martin Henderson
661b05eb-82bc-448f-baec-5127d2b99df2,Jim Moon
f05b07ef-0d09-409c-86e7-197484ec63d9,Marvin Kramer
f31847da-4d7f-4bbd-851d-c65e99e79981,Brian Brown
60da057c-56d4-4403-b68d-3657da006583,Nathan Mendoza
a2b066a3-e86d-4c7e-bfbb-fcace29ead26,Natasha Carter
72355446-2491-453c-90aa-010134f710c9,Philip Sanchez
31076017-9c14-437e-847b-3ec0713b7c42,Natalie Pearson
c24ca8a0-4843-41aa-a5b4-133a9192632c,Greg Acevedo
0a4f3349-e896-424e-8e13-09e75c41b4cd,Caroline Lucas
fedd88aa-d8a9-4f18-ae05-18096da189ac,Paul Cohen
6625c7a3-e33e-4d5a-9296-f800284b37c3,Cynthia Johnson
a3e67a6f-622b-4b73-a8b7-158bcf3c52f7,Melissa Roberts
413f12d1-9be3-4f6c-9f92-d857c3324fb1,James Lane
2ac0014f-11d3-4bf0-85be-0e1668e6a2ab,Bradley Monroe
e1c35f33-dc06-4771-a049-67428e4e70e8,Karina Zimmerman
9d3908d7-df38-422c-8712-92cf12d3b8a8,Deborah Page
8bae66e0-8cf3-4aba-9978-fd3093042a30,Melvin Ingram
aa04fb15-a19a-40c8-bf51-319100f36aa8,John Long
43a0bd36-ebf0-4715-a96f-9ab9bd267e67,Roger Campbell
eb247c98-48f4-4c1b-89ab-904a02974bed,Kevin Salinas
836ed5b5-c97f-4d63-aea2-1382c9a76d54,Michael Miller
2884a4eb-bc8e-4d21-af1d-3b5fd887d961,Gregory Dennis
536a99ae-c3f2-4a3e-af81-95f4fbc91ee5,Stacy Lyons
bfd7210a-5373-47fe-bb60-d05fbc192141,Duane Wells
008b7ece-8e65-4efe-9789-f4bc6f2fe938,Rodney Brandt
aa282120-5f2b-40e0-8ffe-b8c16502dddd,Richard Li
e6f371bc-54f9-45ac-8248-b5e4e5ed174e,Kimberly Johnson
0280def1-9f41-4c29-a976-5ba77cb199c2,Jessica Heath
62efca27-3c99-4673-85af-130ef80be207,Christopher Haney
98099af6-9a6f-4c33-9c02-bb5ba89d8cf2,Natasha Thompson
6562473b-1a01-4b1c-b61f-82cef38f3e64,Jessica Duke
615647f0-ce26-4a6d-bda5-5a96d08e61b4,Sandra Farrell
d6b79f5d-b688-4637-9db2-abb5e4ce2d5e,Jason Ashley
e60872ff-7b1c-428a-af8b-659a83d5a3b8,Cody Vasquez
fdde631d-a4ac-4bc5-9b71-e72e9f0a6e55,Patricia Johnson
78dd2d10-0361-4952-9971-878068fbc652,Kevin Gomez
3b56a49d-7521-4a56-a277-af7bd9d0df89,Tiffany Armstrong
e02da791-bbca-45fe-a0b5-9ae6936a3068,William Lopez
e37fea2d-2a34-435b-ae64-6119de83e0e7,Juan Walsh
68590ea3-4519-407e-960d-ef648bdf8dda,Sarah Robertson
79300691-b56a-43ad-8249-162810c70825,Sarah Ibarra
29aa6859-d428-4df9-ab6a-1246a6deec38,William Garrett
527f7460-db84-4ec3-9ce6-4870e7097152,Samantha Holmes
80211d4a-8770-4ae9-b151-f5261a841455,Kenneth Johnson
b027b46a-379a-4ce0-8165-5efa46d120f1,Walter Richardson
430d874c-9595-480e-9288-41603f773952,Jill Smith
b1839346-2980-4a10-9039-6e2a9026019c,Jermaine Young
f7320dd9-ab4a-404e-a1c0-304723ef5735,Diane Haney
fea72042-8419-4107-aa26-7af3eb20c8ed,Michael Perez
06455e45-ce28-4d15-9e16-b7a44244c4d4,Connor Jones
6bcf2b35-ca18-4a0f-b349-b29cf8eb45a7,Eddie Glass
0e1c7230-586e-4725-85f8-934d9b0a5f9e,Dominique Gray
15b1278a-63cb-4c21-befc-0da097194eb0,David Nguyen
99feecf4-fc65-4d5f-97ab-e151a3be789c,Anita Mcknight
7259c88a-1742-4983-bb77-c8ea14c67944,Emily Parker
9df20718-5542-4295-82e2-25c211bbd56c,Derek Brown
cced7681-a40d-4533-8e7a-01504149adad,Sara Martin
207411d5-ee94-4b72-9120-3d1af3b94442,Jessica Hernandez
d40183de-12cd-4e3f-b2cc-a624f1fb5e54,Kimberly Gonzalez
5786e296-4250-44a4-94cd-4a208308e2b0,Holly Walker
fcec2bd6-b49d-4d92-a9a9-f10c90ca28a6,William Sampson
3eca7eef-5bf2-4bea-8859-6d2a0b6c6b5c,Kaitlyn Branch
1f8f7c77-5a01-4b1c-805b-469bf3209af3,Emma Harris
16ed88f8-ea6f-44bd-8a24-bf2022876c66,Melanie Scott
3e48c0ea-0b0e-401d-8e8f-bfe5512adf3f,Sabrina Hall
28ce61a1-5d66-4cb9-b3a6-bf1e2c5053b9,Amber Small
db5a5cde-29e9-4d99-b387-2fdf4cd7284a,Cory Hansen
decbe100-c4df-44c8-ba06-c2a5ce5870fe,Paula Mcdonald
07be36dd-8d4f-408d-84c5-88134c3791f9,Ashley Smith
d996ea9c-1bda-4ace-abea-6f9a87e279bb,Edwin Marquez
2e2afaef-e018-47ec-bdec-8ff91cf2efaa,Jennifer Castro
697797f1-6679-4fe6-849d-01b648a79dec,Brendan Figueroa
a01f8f31-c3b8-46af-8ce6-43f1846bb7c7,Mackenzie Torres
92ef7748-b33b-4785-90e3-8f0993b964f6,Kevin Wheeler
3a1b9227-cb53-4b8b-9887-63ec70e59ec1,James Ramirez
02e854c3-7e94-4028-a4bf-5a071fd8ec4a,Tiffany Scott
55a9b3a8-5ba5-43a6-b76e-56500b9242ff,Jennifer Robles
192867fb-ea1c-4974-b039-42342f596e78,Ryan Wallace
bf77858e-c3d4-4093-a236-eea3f82c7f1c,Maria Phillips
fa84d460-81a8-470c-bfde-6537dd3dbd99,Kim Gallegos
c914e16a-46df-4b9a-bb6b-d5076a9f972a,Mrs. Denise Allen
5b69befa-e010-4f5b-975b-2c0e0a91db45,Daniel Little
3ac585a4-eb06-4326-bfab-d09180633cf6,Cheryl Patel
8cdbae93-d0ee-4e94-a718-b237062dd6dc,Richard Jones
00a95635-948e-492d-bbd7-013dbe016281,Teresa Summers
1f3504ee-f5c6-4a25-a786-e557e551cd10,Tammy Patel
21f3ee47-e084-4de2-a22e-018411c32dfb,Chase Rogers
25061903-4ba5-4f86-a8b2-960feb8d39d5,Jared White
01b07987-9adf-46e2-9fb0-a52a9e64906c,Richard Myers
b8b42283-0ab9-4080-8e0b-0e6dda08845f,Tamara Odonnell
95ed3904-8a53-42f4-9f2e-d3109e5ead6b,Mary Lambert
9960ef58-7c25-4a0c-ac6e-9f7bac5b883d,Brandy Dean
599b5d20-d778-4b89-9ad5-a92032990d2f,Patrick Bowers
345f8f97-119c-455b-b617-88a0b5b9478f,Benjamin Salinas
98916534-d4dc-48f5-9536-6fec6809b93a,Mr. Nicholas Smith
009b55de-4e82-44d8-983e-dd4011e56f56,Teresa Murray
5d58cee1-4f1d-45a6-839c-2247cd14f173,Heidi Davis
98aa9a10-61b4-47a8-b2a7-62cb70e21ee3,Gina Smith
6f691009-725e-4c48-89d4-e15bdade5879,Jason Rodriguez
c660e17c-1dae-4556-9b82-458a9a038c47,Daniel Gibson
fcd2e5b5-fb88-41b8-9d5c-3a5630874d49,Derrick Smith
58a8a0e7-cd61-4e5b-bfe7-44d027bfac09,Jason Beasley
d22d7dc0-f170-42d5-be5a-6afb9721081f,Melissa Wilkinson
645bb154-e1d3-4db9-94ff-8ce60ab672ab,Alyssa Martinez
b3aaa904-7a1b-4bee-a5d7-475f6c999021,Dylan Dickerson
50e1a144-3097-4e50-98b0-5a2c37aba14d,Dennis Kane
40725b17-0d19-4e31-85e5-755213455809,Amber Reed
51e56ca5-c1ee-40ba-bd70-0358b369dfe3,Christopher James
a4b876ce-7516-4634-b2c4-91a9bf9fe0af,Lydia Williams
53ae765c-fb28-400f-b417-6a92c4fc6537,Carolyn Bishop
2d39c2b6-0e70-4a04-85fd-5333a652f439,Pamela Rodriguez
d8f269e6-ab7c-41f3-bd00-313fa7708cd5,Megan Mcdonald
2a8b644f-ebd3-4945-9ede-03039bb6f132,Ashley Santiago
425ffac5-f867-4b03-966a-8a67dcc99a22,Sharon Sutton
00b302be-f704-44c2-9b31-c52a214f3b2e,Theresa Pennington
f8594f91-ff14-4d20-8e4d-3667b59b609e,Angela Roberson
7d5ad540-535e-4f9f-be61-cfb9f88a10ac,Timothy Bowers
3f3e8672-7294-469b-8a04-79c6068bca4f,Justin Perry
4a2f442d-a285-4485-a55d-c9280ba1d3d5,Matthew Williams
d9d42fca-1079-4dfc-a11d-d550204937dc,Susan Lopez
801f92e9-f32f-4a86-a9f7-1eed595eec71,John Phillips
0e9c0e84-93cd-40d4-9356-4f1147532fc0,Kimberly Evans
9dd17edb-9cfd-4878-9d70-db4132b45a0a,Teresa Humphrey
a062d7f8-7c18-45a5-9221-a15c3092f510,Karen Bennett
b6794ce3-0c51-4b25-b928-e702ecfbc95b,Kevin Booth
b12416a8-b6e1-4e73-b2f8-a9715ecb17df,Lori Rhodes
8fcc8348-81b4-4c20-b525-bc0df72ab1c1,Jared Erickson
ed185a0a-8515-4de6-a60a-045816fed156,David English
2b5f1e3d-7aa0-4092-ae1b-bbb34256754a,Cynthia Martinez
569dbb84-73e9-418d-85ea-20fa9868979f,Lisa Lee
77933330-fac4-4afd-a506-23a0e62ce02d,Jason Jones DDS
ee016b6b-7b17-4967-bb1f-dcff54463d09,Christopher Smith
8e047700-fe41-4a43-91dc-1aacd8b45d94,Michael Vaughan
f622fd0c-23a4-44ba-aab6-431773a87789,Rachel Willis
072d5c95-a6e4-43d0-981c-9a2d5fa3777b,Dana Ballard
3f7365cb-2086-488c-a85a-86bc5c331b34,Dawn Cunningham
ebdd944f-4947-4c4c-bf55-174d829aec37,Laura Callahan
dad4f4ed-d7e5-40da-82f8-3d8ece1c8611,John Weaver
118aa1d0-a300-4f26-b194-62cd5e398b86,Lauren Jackson
e3d039a6-83fe-4ceb-8812-5be706ff9501,Megan Jones
5660bbd6-e801-44c3-9586-5b5d046b3b6a,Tony Garrett
ff30ae87-9c3c-442f-898d-899f199d1e36,Melissa Pearson
eb4b9286-432c-471a-87ba-e2b5ddd8bb21,Teresa Perez
1d722f2c-c5bb-486c-b3e7-aab26cff13a2,Amanda Fowler
06256ea9-029e-4162-9405-59afd7dc9093,Nicole Johnson
591383f7-40eb-4ee1-a1b4-48a8557e1a6a,Miss Carol Garcia DDS
51987dc0-95f4-4ab0-81cb-d7fd02670947,Sarah Smith
a14d77eb-db54-49ff-ab22-d8c046a6718a,Linda Carlson
170b2f78-e603-4d59-adc6-18e5d1670777,Diana Robinson
3a8e6f87-f9d2-4786-a8eb-3847996539e7,Stanley Crawford
2a9d33c3-ec27-4d56-bf6f-0a8bbb665783,Holly Harvey
ad83ef87-7d4c-4af4-91a5-45357fb6f6b4,Calvin Strong
494060b4-21c2-4bab-994c-8761bd4736d3,Jessica Lynch
be574872-9976-4151-9106-6b1cc3b33955,Alejandro Adams
8a026828-b6c9-47f4-a238-4671546cb9f1,Raymond Garcia
1631cf33-160f-4de4-a1b1-f6561a84bb56,Bryan Thomas
0056b540-83d9-40da-9c17-4290c888f957,Henry French
6096c463-674d-465c-991f-1400c193bbb1,Jean Hansen
f4476a16-1e82-4132-b6cc-4a8a40d08f39,Robert Allen
50db12f1-2be0-4540-85d5-39e4ea2da181,Matthew Rogers
c7c8130f-533c-4aaa-b88e-bf5e00d25b5f,Stephanie Navarro
b859e8ea-1a91-4911-9357-b3467ee3c77e,Benjamin Turner
caa534d7-72b0-44d8-9c70-22a41490e5e1,Troy Lynn
f760a606-1e21-472c-9e01-cfd01a29a6dc,Susan Johnson
0929994b-b98f-438c-9c5e-b2286a83d360,Brandon Small
4ba2840e-0338-4dad-96b1-686a538d76f3,Kathleen Kane
955cb6bc-926f-4497-87df-914e314001b7,Lawrence Ochoa
5463a663-d7f2-439b-932f-c0d395185e2c,Katie Keller
4854a2f6-4d00-4aeb-9d99-a103e5c41b69,Matthew Sullivan
bdd2e181-4d1d-4987-8361-956e33ff294a,John Perez
69f55b32-8695-442d-a431-0e89e8d799f0,Melissa Wolfe
da46a896-2b8c-41fd-9c10-efca4aa8983d,Kelli Nash
cb329666-e10b-4794-b792-f3e588b33bb7,Brian Sweeney
722b7307-f33c-434a-a10d-4f2230677933,Nicole Bishop
03b397b5-86d4-4f1c-9c76-7f74d363432b,Erika Roy
8151876f-f89a-4833-aa56-9c8ef8397cb2,Clayton Brown
41450866-9e7e-4cdc-a779-4a10d1ffe585,Monique Evans
31017a51-568b-4fe9-bc1d-d6d1fba8312f,Marissa Greer
f2e0fa0c-e5e1-4621-abdc-17cebf43cf37,Jody Hale
2b283423-a336-42b3-b039-828ec1c23b9a,Amy Hall
549291c1-9551-4345-ac33-206b35df7d5f,Emily Perry
c1516c3d-29f9-4eda-8f06-02e3c98ad8f4,Steven Williams
d5f68828-59b4-4ceb-a33a-9008f029a6f7,Stephen Sloan
b7dfcce6-5edb-4260-8e63-fd882245f379,Daniel Davis
63da3559-6eef-48dc-b1fc-1d9322952b67,Nicholas Jones
af629c55-80d8-495c-a1f2-881b67d4d9f6,Adam Murray
e54a74bc-8c22-41b0-8f00-72eaef676d74,Angela Vasquez
f2efc254-f61a-4282-b4c6-1636ad30936f,Kathleen Fischer
1b98870e-aa48-4950-a107-7a356c2e5920,Kevin Arroyo
1dd05db5-4563-40ef-9a81-460e47722448,Benjamin Rice
62592a5f-c518-41d3-8b27-0710c2bde0aa,Amanda Chapman
f07b576e-66d4-46c3-a45a-8581da5661cd,Michael Ford
051d7624-c61d-4422-8642-faa404130b9e,Christine Morrison
129faf19-38bf-4244-9868-65b81b629c7a,Bradley Gonzalez
74cc9db2-0a73-4404-b582-b7c32f0a81eb,Misty Townsend
50bbed4f-6385-4bc1-80ec-926376befa15,Cory Thornton
12d07ce8-c693-4977-9917-c5c02363a03a,Mark Flores
09e71f4b-4dde-41ae-8d3b-8fdba0d66339,Sharon Wilson
b7dd9c14-bedd-43bd-a608-fab02c600b09,Frederick Williams
b6ff74d3-9ace-49e7-9dc3-1d0c9fa4c1ac,Dr. Grace Bailey DVM
59c6585a-87b5-4b40-8d2f-c4df5b7cc738,Stephanie Johnson
2b502769-7693-42d4-9866-0df7b5cb56b5,Zachary Ellis
5b78cb06-d59c-4d89-8d22-72c049105f02,Scott Evans
e5cac0ae-0288-45c9-9235-3ae92a43c7fb,Juan King
29047bab-6710-4884-9856-0b31317054cd,Adrian Tanner
4689c660-9049-4683-9b09-4e3aac554b5b,Julie Shea
a05702cf-5f7c-4bfa-a584-63a70a1e9876,Kenneth Graves
9e01ed8d-a935-4155-b97c-3151b12d1971,Robert Rowe
97953378-cd7b-4977-95c3-b25aaf88b41e,Douglas Armstrong
a3cb7a5b-53c3-4d99-a2b5-d9187ef06874,Tom Jones
b1d53671-5bda-452d-aa09-190f3963ab31,Mr. Joseph Harvey PhD
45880cc1-3108-4abe-9d9e-50947569e88b,Allen Kline
c7194856-14fc-4472-9746-0794a9681af3,Louis Clark
379c037c-0ae9-450f-9737-636eee461cc2,Nicole Larson
b8d50c5e-bf6e-4e6d-847e-d25ea9ae76d1,Ms. Karla Thompson DDS
f2150d4c-0aeb-4d7b-9fca-ecc140765176,Karl Adams
b950b1ce-1284-4792-9dff-77c990d1c08d,Tommy Johnson
78acc30d-285c-4a29-a3c0-03328fe9187c,Dylan Weaver
e27793cb-1461-42d0-a803-ed1acc3facee,Brandon Stevens
4e849839-4bd0-45ee-b0e5-a174994fe539,Christine Bryant MD
0adddc9c-838d-4985-a6c8-bb91f13097a8,Jean Silva
767be8e9-b2e0-489d-b692-a37ceaf88e2d,Penny Gonzalez
b75a58ad-733f-4f96-ba9c-bdda0e82085d,Monica Myers
87ee418f-8ef3-4955-a3d4-c034ced6d160,Charles Young
6a0eaf5b-8839-4b61-a88f-6ce01d6cba25,Andrew Willis
a5e55f3c-0a72-4a34-98ef-6174d56eba0e,Carlos Pearson
02369244-76a6-4c4e-9015-58862aa46af3,Dr. James Hoffman
b366286a-c136-468e-977e-3e7700bdc375,Jonathon Martinez
0e9a4f0b-4f73-497a-9001-78af05031b36,Abigail Powers
0327cf7f-4911-4ad4-bf52-0f26432c76bf,Andrew Beck
62a106ee-41cc-4122-9c8b-e8b824bb00cb,Judy Fisher DDS
7ca410bc-db27-471b-b50b-e4aa9ac7dc3c,Marcus Graves
77a65941-dd94-4865-9da6-566e5e7bfa80,Dana Weber
674121c0-1883-4bfd-b27d-8c2f44e9f399,Christopher Wagner
062fae59-f286-4270-82ee-25e83bbf09ae,Cynthia White
b9925f01-60b2-4107-87a3-2ac4f8426191,Joshua Moore
2be158cb-2091-486a-beae-db31e3883455,Carlos Barnett
c8139e08-ac05-4028-bf7c-2a42fb9efe06,Patrick Crawford
dec10076-e7c8-45a2-9673-f5f56c676868,Barbara Price
00643f63-7c0b-42e7-9a10-360f832fc3b6,Christopher Morales
9e0eb97c-476f-45e9-9706-56c6ee55e24e,Matthew Hernandez
6e902122-fbd1-4b8f-bd0a-8264b77aa8d4,James Smith
afe25ba1-3c09-4dec-b4d3-c63bbe3d9f6f,John Bryant
2b5d77bb-74c2-4c5b-95eb-bce12a07784f,Ronald Hogan
b0208c9f-97c1-44e7-8d27-2ec82903760a,Tammy Bartlett MD
043dc510-0916-42bf-bf67-d6f478bd9759,Elizabeth Ramirez
0855ff01-fbeb-44f3-bfde-80a083e420fd,Blake Rodriguez
185cedc7-1df2-4f16-a920-60339f228ba5,Daniel Dunn
78a9e2fb-f28f-4f11-8cec-801a606fa6a8,William Wagner
6b39cba0-c486-4776-8c9b-14e1325d0ad4,Michael Smith
1184249e-5ae0-4161-951d-c77c2e660e1f,William Fowler
1756cdf8-62e0-4746-ad00-2990c67dec06,Veronica Holloway
21269cf9-9ec2-45b4-8c04-e5b5ae4ce890,Robert Miller
289c672a-6b5d-42db-80f7-d1180c343553,Charles Smith
939dd1c2-8448-49bf-b6d5-6ec50886a5dc,Victoria West
e8a76de7-860a-405e-a6b5-3c0f01a391aa,Angela Fitzgerald
4d242f43-5f83-478a-87e1-6e690d34fd33,Kathryn Burnett
771a013c-d4af-4f80-bcfc-2060ba87c69c,Jennifer Hamilton
fdb6019c-96f9-4614-a6e2-cc568df9951d,Bradley Padilla
434b6859-9f8e-4e73-af0a-598db81ebac8,Michael Clark
23c34cd5-8b49-4a53-86df-62066bbb1a1b,Chelsea Oconnor
4c9eff97-605e-434c-a3c9-44ef64ab22f8,James Carrillo
3bb5210e-7a76-4ca5-a3a2-f45e885979f8,Rebecca Wright
75eda5ef-1d9a-428e-9bf7-59e28d775962,Luis Stuart
59dc926a-d0d5-49f8-9fce-acddd0689468,Ronnie Salazar
6abf3531-39bb-4d41-b2ea-217014f1f72c,Jeffery Martinez
6a8dc702-ac12-44f7-b31d-8855dbad334c,Heather Liu
ad477e25-05a2-451e-a473-51e2719c5d7b,Andrew Moore
b7988b8f-f2ba-4743-955a-46165ac63270,Timothy Reyes
8b0847e5-539b-491d-85da-ec4583000123,Sarah Brown
81235d3c-58ac-4634-b797-1e327ed1562f,Leslie Wilson
4fe9f24a-74db-46ec-a995-5c1b05d418cc,Richard Smith
fb716ba5-9418-48f1-9c19-2485328c398f,Jason Hayes
186dae00-34da-4a49-b3c0-99ef20d1f3cb,Maria Clark
9225ee7a-f7bd-479d-8525-0724535d8f80,Robert Johnson
af08724b-af07-4ba1-be93-bbbd23b923ed,Jason Ballard
668463c5-95fa-439d-88f0-a870b1d6a0c8,Angela Gutierrez
34a7a9b5-3446-42ce-bbe3-209bed23a424,Sheila Harmon
b73c92a2-9678-40b9-98c4-2fce3cc6ad27,Heather Carroll
c0a1ed15-d3f6-4d94-a5cf-f7dcf5d2c103,Krystal Harris
a27602d8-12d5-4b07-9abb-4687aa561b9d,Lisa Yu
d8ca3732-6994-4500-8703-23b101328a8f,Shawn Meza
08def739-03f1-4281-a6e3-ea839500dd6a,Courtney Chung
972ac9cd-51b4-429a-8a26-3c2ee07358ef,Eric Johnston
8ee5f10a-12fb-47a8-aabc-ad2a473eb711,Thomas Barber
725c23a7-2963-4a2e-82d1-10f45594ad37,Jacob Williams
46a00ec7-75df-4ad3-b56e-e840d1d2d959,Thomas Yates
aab65374-1d9a-468d-bdc1-e5c96aa67bb9,Brandi Perry
58e5902b-69c5-4a2c-b515-1637650c9212,Joseph Santiago
2c25f291-f227-4a1d-9d7e-be566225ed45,Tyler Hall
73cf2b0b-75c7-46b6-bf3b-fc49d53bb193,Stacy Jones
c97d83c6-f371-405d-bd65-20171f789e6d,Whitney Mcneil
0bdf96ff-4d0c-49f6-bd34-7b2756bde90b,Geoffrey Fischer
9a72541e-0eb9-4d06-958a-e8fd3318cc14,Sherry Pena
4a3c244e-c8f7-4de6-a4c3-c6d679461bd0,Gail Wood
f6b23a36-322f-4e8f-8b10-98f36afb87b8,Shelley Shaw
e6805991-7930-4171-8c52-30fce4b1e8d2,George Fisher
4abd9c5c-f027-4ffd-97da-046dd26701f9,Michael Robinson
fdf78e63-e65c-452f-aaae-f141d3245fea,Austin Adams
a0d5006b-cfd9-4aab-a654-66042eac850d,Jennifer Phillips
a1cc2e1c-7fcf-4553-bdf7-99e3df32efad,Joel Dougherty
a18e4c59-1563-43c8-80c3-ce59cce68891,Daniel Ramirez
8b68f9bf-f476-4c8c-ac75-77a188a92e02,Charles Freeman
0a567b88-2de0-4997-a403-7410a0d3901e,Gregory Ferrell
8a68254a-19c3-42cc-84cf-a4be150ded9a,Jerry Cline
b4d9ca04-def2-4335-a48c-439cdd9baf60,Alicia Erickson
0dbca6ca-0ef8-4974-80ad-96d1fed643b4,Carolyn Terry
cafa6f5e-24ea-48d2-9862-2b33da5d927a,Valerie Williams
a192f2a3-1226-4074-a304-5b20e88a0f8f,Bill Ellis
94f00bdb-7e1a-4ecc-9602-7c68e4a92385,Rebecca Johnson
a825cbe1-61ea-45e6-ad7c-a12d9a39a070,Brandon Patterson
2c5c3c87-ad3a-4c25-884d-7f12db5ef62d,Thomas Chan
a80b7111-dcde-40b1-9569-1764bbc6b7d9,Christina Lewis
a5643ed5-cc99-44f8-afd1-6fc0b3548aac,David Bryant
8003f9b0-3832-4043-945f-5bba1e9ce17b,Robin Carr
3a235277-fd2c-4bc7-8736-a2636c67141c,Katherine Bradshaw DVM
e12eb06b-680b-4ce6-9a3f-ae6505c370e5,Sara Garcia
43deffb9-7e94-4108-a91a-d66c6cc59967,Craig Graham
aeb886fa-aa4c-496e-b107-69553554235a,Charles Clark
095540be-ca2e-4c5b-93cd-28acfbda66a2,Daniel Johnson
dcc5af00-0179-46fe-8564-58a07b5607cd,Sarah Mckenzie
9f3f5495-db67-4ba0-a5a8-4d4f4e5b42a4,Marissa Taylor
6ffee0e8-2b3c-48f0-b9b5-6e5cb4c1a548,Donald Mcconnell
ed0a6d45-7797-48b3-8875-5c1fd7ea20dd,Richard Singh
114a77ab-0a7d-4b0b-a306-01d5f66158e1,Christopher Estrada
8e5cb583-fc5f-4ffb-916d-bed409a432bf,Sarah Cortez
2a254f18-dbbd-48b3-8b3b-ea16841f5ae2,Jennifer White
e1c962d3-0cf2-446e-bc8f-78e9e590fd09,Jordan Walsh
f38b2533-235b-4982-b676-3f5dbfee2578,Matthew Bentley
dc2bb325-874d-45ad-91a0-04ec63a92f81,Kellie Garcia
7c78235c-21d3-4c71-ae98-f3e7016b1514,Shannon Martinez
3e096171-9747-49f9-abc6-ef65d0bb34a3,Robin Nunez
cb10863e-c5a5-4f53-91ab-d777f670c6fa,William Cunningham DDS
38e6a299-9c1f-4ca0-8656-80232a29227f,Jennifer Rich
ad7fa987-ef13-4316-87ee-c5dce6c7374d,Anthony Richardson
b362a9f8-df3f-45dc-822b-b608402a3567,Julia Stevenson
64e8855e-9b78-44e9-83a3-df9a7f6e9cfc,Douglas Velez
b234669a-736d-469b-b459-582de3c2951d,Robert Salazar
3a5849b7-ad43-4bae-8d2f-34a7655d8d44,James Stevenson
cd07d5df-7a78-47dc-9152-479168187318,Rebecca Phillips
5f333e2c-f45b-49dd-a350-62eda6d88fcb,Nancy Hill
ae73b7f4-1b6a-49c8-a573-a16c438c5ef4,Jennifer Jackson PhD
33bbda8a-f57f-43bf-b6f2-891f3b890071,Stephen Perez
a25fb87a-f4e4-4f7c-945b-d5ab059831c2,Susan Johnson
bb621b8b-c61f-4e9f-b5d4-19b88cb9e926,Samantha Gutierrez
955c11ab-1e8a-4677-8dca-791412ed9c6b,Michael Hines
8dad94c1-e6eb-415e-98c2-59c77be09aee,Andrew Roman
99bc7fc3-e01a-4621-962c-aba237996789,Chad Garrett
c6038257-09f1-48d2-a541-7285ea026b26,Lisa Chase
b60c0231-c7a6-482e-9dab-e58e2112e860,Brandon Holt
bf735e46-74d5-4963-908f-ca33eb1fcbe3,Lisa Drake
9c2da4da-8dab-4791-99cd-5d4c3e2f4fa6,Kelly Stephens
1ad55482-599e-4408-9264-ba2d5eae8b8d,Sharon Lee
30e03d2f-9b8e-4c67-bede-f5367bacc3e7,James Baker
2bc2e7e4-0905-4fe9-847f-f8fb599700e7,Sheila Valdez
1e5aa892-4ba5-4a95-89c0-94a8847d9d5a,Lisa Lewis
b7924b34-0e33-4bbf-a76e-b21f282ea891,Joanna Fletcher
6c3fb46e-477d-404e-a790-39a666273906,Cheryl Bullock
e29ca76e-374d-4e41-a4c6-df2c44d589f0,Joseph Jones
647134d7-4609-46a7-b124-11a48d6bb43d,David Oconnor
e3d06675-ec50-4577-a57e-e9e39c0bd7dd,Justin Rogers
57faa61f-4b6a-4215-badd-9f62d83d3b4b,Michelle Vance
2f7d8c14-2dd9-4b2b-8253-ba7d09e982cb,Tyler Bautista
3fc40f0a-9c0f-4485-bb9c-6d130d1294e1,Kenneth Richardson
ae1f2956-3fb3-44a2-9d33-103f8384d91a,David Fernandez
2a953e97-dad3-49f6-b84c-764b4bc8fdfa,Jessica Holt
db0fface-2686-42e2-93e5-8c9c9330b79c,Kelly White
0908a698-2778-4185-9211-67ffab8a692e,Jennifer Anderson
26c95282-bd0a-444d-b97b-84ab510e0432,Jessica Martinez
fbdcc6b7-193c-40f0-8261-f783ae302646,David Thomas
7be5f246-58a7-4220-a142-5c7b0098e31e,Aaron Henderson
9693df61-a623-4251-bd39-249a40176c72,Richard Terry
4e57d23e-bc3f-487d-972b-76065cd588a1,Dylan Payne
36e5fa99-2762-45c1-9659-fd314a2eba1b,Jessica Fields
872ff407-65e5-484b-9002-baa73d8cbfaa,Michael Boyd
1098eb5e-5ae2-4a06-b750-2bc5ad175e46,Crystal Perez
d8180994-e1de-47a1-9d29-b0e065decc9a,Andrew Wade
19e7a9a6-d8d3-42e1-936f-e9fa3ae647ea,Rachel Haynes
ad89f500-3596-4a41-9914-7599cf4d504d,Mary Lindsey
20a35bff-4f8d-4da5-b302-aca427429fe4,Thomas Cruz
d1a31e8d-a036-4f09-b084-8763775b4e66,Brandon Ross
c8e120cd-ed37-463c-82a1-bffa300d83f6,Sheena Richardson
d455d807-d9af-4e20-9360-776aa63f37cd,Cassandra Hughes
15e540dd-b01e-4fcd-b3e3-455f495a89aa,Wendy Harris
82f790c0-b32d-455f-ae15-e992db5ee3d0,Michael Turner
3fc24860-b139-4a09-8d26-04dd9a65a359,Michael Vargas
653b9271-4aef-40e4-b74a-6ce53814c665,Megan Gutierrez
9ad8a619-c394-4239-83d8-d23ebc3a9b39,Louis Morris
48be9200-646a-424f-b367-bf8feadfdcd6,Ann Johnson
268d92df-472b-41f5-ab59-ebd9b2bbac6e,Chelsea Lamb
cbd00d52-4089-47de-8244-00c3ea0d1619,Cynthia Mcclure
e3bf99c2-ca79-4f83-bedd-3d685d0b2763,Joshua Lloyd
4507d9ab-5d65-4fed-9d4f-eca783e1c86f,Noah Moses
391efbf8-984a-4fa3-965f-4e982a3ef0c1,Elizabeth Powell
6f585031-3bd3-4617-b144-e43f3a8ef51c,Jessica Montoya
fe481162-4a4a-4e5f-9951-23304a29a540,Malik Mora
d1d24cb0-9eb4-4d0c-b08d-c0c5a68fc82c,Dawn Mason
84cf368f-6c85-4917-9599-e486716d2463,Lisa Peters
181e5049-18aa-445e-aae1-e412916f9a06,Trevor Hinton
9d4e5bd4-4d7f-4ec3-b108-37db57cefead,Mrs. Rhonda Hawkins MD
6f843f8e-f0cf-419b-98b6-4db47f43a2b3,Travis Clark
e3a65f68-315e-4cad-893f-a69dd99bf050,Shelley Wilson
a1934f14-9b18-4df1-be39-ab334aee6c4e,Vanessa Vaughn
2257ad29-724d-42c3-8b48-ca62c836d257,Deanna Wilson
63a6035c-0b37-43a9-a75a-35620fef38c8,Charlotte Martinez
abee53eb-17c0-42d9-8e94-f8416628840d,Carla Gonzalez
3a6050f7-7ea7-4a04-b69b-536587c4f5b0,Lisa Buckley
2d8f751e-1008-41b2-88a0-43d6eff617d4,Peggy Rodriguez
d085b6ec-bf23-4f1e-ba3e-5f978e0d4fc0,Anthony Webb
76aae77c-9057-44ed-aef2-98c68ab31aec,David Bowers
c97e5f0e-4ea8-409c-9503-6da8223cde30,Jessica Jarvis
baf53788-16d0-477b-b4a9-7e168cf6c317,Justin Martinez
2ec3dc6f-40d6-4ed3-a388-aa5f40f03333,Randy Sutton
2aa223f6-1469-48d4-86ec-2640a2bead21,Eric Lewis
563c1e8e-fd4e-42eb-aa47-8d69260b2381,Martin Evans
3a5abdfc-c8af-4e82-981e-49c858df1bea,Danny Brooks
5592fb83-8926-444f-96e0-88efa89777ed,Charles Patterson
293550bd-53dc-4fe8-8eb3-66daa80af109,Kristine Martin
bb942153-95e6-4711-b4f8-67b45cbe3b10,Laura Cook
517632ee-6764-4296-a4bf-381b3565d3ec,Mrs. Kimberly Johnson DDS
42fac2e1-1077-4056-ae01-b7278b0e88ef,Ryan Cross
900d3018-4aa3-4399-a86d-c401fdb32ed7,Courtney Carter
556648e5-39ae-4665-a48a-f17f0c9d7826,Jay Armstrong
c360568a-911e-4787-96eb-6aaf3502df3f,Cassie Howe
62853df8-f3c0-4cc7-9e61-529600665cb6,Paul Wilson
82d4101f-0166-43da-8a82-b413ba2ae64e,Melissa Hill
440d2b98-58be-497c-b029-a7b1e33f9760,Courtney Stout
0a43692a-ec03-465a-9f55-196b11917370,Lauren Barnett
c54a17f1-da91-4a35-b316-895c0926aac2,Melissa Henry
1f2bd05f-9b9d-4d3a-ae95-9594e22f3057,Matthew Brown
f9b89e77-a436-4f35-aff3-f4b8486740d2,Michelle Thompson
53cabb33-6c50-420d-ad3b-9cc55d9311da,Jacob Patrick
ae499c57-fafc-42fc-bf3e-1e98bea08ff2,Derrick Adams
3583890a-4099-4ff1-bfed-772328b3b766,Gregory Weber
1a0b2b97-82f5-494f-a17a-1ae970ce61cd,Mr. Randy Larson
0110c91a-f215-4ac0-828b-41cabcf2fd5d,Stacey Ward
3e4bb839-8901-4d2d-821b-14bfa9b718cb,Johnny Santana
f21bac96-ec3f-4e99-acdc-5a70fc9f2001,Tracey Clark
fab48608-83e2-4f89-a986-6af9e294ae3d,Mary Howe
a1aaec33-e6f7-427f-a1da-707281871394,Rachel Beck
6607810d-2d40-4933-927c-c92705cd732a,Peter Hebert
a53d0494-b8ce-40c8-908e-a7b16d223b93,Kathryn Cruz
b7718cff-9000-4435-aebb-253609d38c3d,Sierra Hernandez
5acf6cf5-a890-41f0-a2df-947f2480afab,Kimberly Stewart
eb0d6fb5-b591-4518-8ceb-4e551171e8aa,Ashley Jones
889bfdbb-e325-4d5c-a0c0-42d84cf40fa0,Melissa Thompson
6263ca0b-4899-4576-9c07-fa032688e71d,Joshua Jackson
258242db-260b-4b51-9e0e-42b5de981fa3,Anthony Ford
22bd9c89-425a-4b6f-8a6e-e374e4d10ff0,Maria Ruiz
091824a2-c4ba-4cec-bb81-23559bac2826,Susan Mason
bfa42325-3d8d-401c-aa2c-1422bac84a24,Rachel Harris
1915e9b5-aad3-45db-a3e3-6e38fcc9826b,Samantha Henderson
badd1788-6819-41fb-ad19-8a902217bc68,Ronald Moss
c32cbafe-2068-4440-967b-a40f15c1b5ae,Tracy Shaffer
cf4b67d2-cd2e-4a40-829c-d7c9134fd113,Laura Watts
57084e89-a5d0-4b34-93db-210c6d140593,Cheryl Bailey
99618684-8890-425c-9f7f-31895a94f4f3,Brian Harding
4af411ec-375f-4c99-8859-ca248a0fd487,Laurie Morgan
c5295411-dbe5-4364-b3ab-a72684725914,Sharon Poole
5a7cde80-95b6-41c6-a837-b47e66987a7f,Ashley Peterson
ed8a205b-b5ac-45d0-a45b-9a3cedc0348d,Nicole Smith
40b3da9a-74a9-433b-bc46-16ea00c0411e,Mark Moore
e4aff91a-da01-420e-af2d-9a1522ebeea0,Christine Riley
b7fca0d0-0bcc-4eb5-b51f-207df32db987,David Hoffman
db2c3b10-9a91-442e-a9a8-1c15dfc08a85,Olivia Baker
97d47905-a8cd-4edf-b865-a5d7d5183667,Cody Ramirez
7c7a56f0-dd87-4587-87f6-661697be3bf0,Kathryn Roberts
e8dfbdee-e12e-48aa-8a84-acee2a388ca1,Kayla Burgess
107f4642-f117-481b-9a31-75362f4f871d,Robin Rodriguez
c25ed9f5-0c98-4525-927c-a3c6a02119c7,Stephen Galvan
718fec76-4ea9-49f5-aba7-e2e3e113475a,Devon Carter
a6f1ccdf-d802-470f-9103-f4817179ab08,Kayla Miller
bd7dd6ee-054b-4f32-8791-9b8afdd284c3,Ana Smith
462d2d46-a49b-4622-8cb6-33a1545583ab,Erin Harris
eea14760-3733-41ab-a95b-ceffde1e81b6,Justin Lewis
87f9ef95-aead-4dc2-b1a2-23a94a4ee4d6,Dr. Denise Klein MD
9b75ba22-1945-47ef-9b78-73010b1b86f6,Anne Jenkins
541a5337-7ba9-4a25-aa39-46b9f37252da,Renee Herring
1cf7113d-4bed-49f6-8eaa-74792159f2fd,Joshua Lane
9b07ae26-11c1-4fcc-b6a1-334b7cc914f0,Katrina Smith
cd4ccc92-caa1-4f57-ab5c-eba18966fc59,Brian Jones
01c46294-bbad-4ae0-bb3c-6db7e8c14115,Frank Diaz
e1eeb072-fb9a-470e-b5c4-82d841b5e47a,Shannon Novak
4e38bd06-e411-457d-9e83-786faf4afc7b,Stephen Knapp
b19d8f4e-e1fc-4223-a891-e64bfb8a6441,Donna Brandt
1b699362-8953-48d9-8b56-41ba1378c2b1,Brett Ryan
f1230e71-e1a9-4fcf-85fa-fa0ae8750c6e,Michelle Bentley
0b931467-26fd-471a-90cb-5fb30f52a981,Judy Roberts
5ab38aac-b84f-479f-83df-0a6433d24234,Rebecca Wilson
8506e563-5326-42a1-9e3f-eb073585522e,Steve Adams
d6d21d41-311a-4766-a007-abef8311de8c,Bryan Nixon
42a5a89a-c419-45af-9258-a9b59279cda6,Jerry Taylor
ddbd3add-8cff-45c5-913c-ae952aa42774,Jennifer Young
652b61c2-6aa0-4f61-a4bc-308ff024c547,Jennifer Sellers
582204ba-3e1e-4ee8-9951-428e8e2759f5,Jill Drake
d2468a91-877a-4c2e-9721-4d96b0eca973,Ricardo Miller
c34eb11f-6095-42a6-8a98-91ace28a6b7e,Jamie Cohen
1db9ff5a-712b-4411-b25f-98fd72ca4a95,Jennifer Jennings
670577e2-7d1e-46dd-b303-4ccebd66c91c,Becky White
0bfccf01-b111-45e0-8323-aa158e7fc95a,Randy Willis
65f58196-ad68-4710-add5-b0f3dd92d70c,Craig Reed
29c4d72d-c930-4a72-b5f2-7f018ac5ac78,Charlotte Perez
c146ece6-2c61-44c4-af71-faa6086e22dd,Antonio Davis
e8d27a38-aceb-4263-a296-308eb23d9dcb,Allison Evans
afcc8d27-2485-4f36-bebe-e449d5d6aceb,Karen David
a4d58212-d0d0-4ef5-b4f2-37d29449649c,Rodney Mcmillan
9f2499f7-2933-42b3-a662-02f1ac381b67,Christopher Klein
98eef6d9-98b9-4fce-8d54-e9d8fa1fcf0b,Linda Acosta
bb6af15c-3181-4e02-a327-40c4e4377286,Kevin Bailey
b3757fa5-d421-4896-bc66-33452d4d65c8,Gerald Alvarez
30a6e3af-3e24-46f0-a837-0ce42e932845,Gilbert Henry
7bfa81ae-6836-4036-aae5-5d2f36781a83,Nicholas Smith
23ea9613-8f4d-4f7d-8a21-1eb9d6d8da3a,Kenneth Cox
6c587c87-9c68-48b5-be0b-82f4fe71390e,Marisa Lewis
0447463d-8ab6-4fcf-ad47-8b5779f93c74,Patrick Carson
4e9ba779-e02b-4d8d-9cf3-b727f8de2c0f,Emily Estrada
c2a01e4f-b0ab-4f6d-95bb-3f4a9ca14d46,Angelica Kelly
6fce248b-019b-47db-84e4-6d86009ce275,Alexandria Pacheco
e3d33d09-6ec8-437c-a581-76053ce525c9,Kevin Sullivan
3d3b50a1-089f-4f11-90e9-9317c53ab8a4,Nancy Smith
f18011b7-6d89-4d04-b29a-25e2bb9f9f38,Brian Hayes
d8f50cf5-7fa0-43ed-8b33-c0259d3768c7,Adam Vega
32311518-89dd-4f4c-93b1-f418470d1313,Julie Lee
74c57511-fdcf-4aee-8d46-2097fd23b797,Marcia Carr
49d3000c-d07a-4e42-b45d-2a66ed08e95b,Patrick Rodriguez
8975c304-d0ed-453d-a647-09a0887db852,Angela James
377942c3-95c4-4944-a5a8-7132fe8a1ac3,Daniel Mahoney
1ff5ceb2-dc0a-4f5b-b4cd-72fdbbcc9c79,Dawn Sims
437612f5-b86a-4983-8d90-c02c3be5bff8,Kimberly Simpson
66fd1b5d-4607-4b36-ac3b-dd0a360a51b2,Leslie Anderson
1d10bf19-e7c0-466d-b2a9-f770cb5cd423,Jennifer Alvarez
563ca6ae-d4fe-4faf-b00c-b6a1a9366c6c,James Gutierrez
787c6440-ccc9-4ed6-afc4-1b6029ab8b85,Traci Armstrong
ec928615-1fe9-4ec2-8387-dda6e3cc1e67,Erin Jenkins
d7dea78c-b2b8-4adc-bfa1-aa64df8332cf,Rick Lee
5f1e22b7-b7e7-47d3-b7b3-11e2584054cf,Shannon Simpson
3ea1b712-cc28-430e-bb80-1ae5362f1814,Jennifer White
9a31e4ed-70e2-4fcf-89cb-91990defcef8,Elaine Huynh
288b8639-6fd3-4ec9-8f52-ba2fe5628d8b,Stephanie Leblanc
e84c1bf8-0261-42ab-bb1a-a3e9213c2268,Cristian Berg
b9139928-d3c5-4539-bbe3-39792203331d,Nicholas Randall
8b0fc314-2171-4b4a-b586-56b93b71da55,April Gibson
a69d0bc6-753d-4196-801a-53e158d02874,Lisa Bridges DDS
efddf62b-3bee-4b74-b8f6-0d4e3327d2c6,Heather Tate
800c1c03-9e6c-4f44-9c67-853a9ab5bf85,Kenneth Smith
fab27c17-3644-4db9-aa4d-d2486a39bf21,Christopher Foster
50fdbcc6-a9fb-4005-a9a8-7df3d8fb3f20,Michael Klein
79205185-d4f0-43d4-ac51-bcf5ef527605,Kiara Guerra
948c0290-23dd-45e1-a0de-13aeb17708f5,Michael Jackson Jr.
6d07268c-a60a-4aa8-ba33-f1305443abfd,Wanda Gibson
52b759bf-82ba-4279-9afb-af82ae3c2a9c,Dustin Spears
ddb0a5a0-17c2-4c44-b85c-c2c436abe7da,Krista Mason
bfda963c-e1de-4a26-a58b-8cd59bab6a0d,Shelia Ray
5c5c19f3-3d9b-49a1-ad05-2fd0fbc38d4c,Steven James
ccaa9abe-804b-494d-8da3-70a88db663ed,John Moore
cec4a7f0-4105-40f2-a6a9-e68bfe01edf9,Eddie Dalton
14428ba3-9427-484d-8638-d9d4c2d789e7,Kathleen Thompson
463944ab-42a2-4ef0-9f7d-4e88733fde28,Abigail Wade
1dea9a0d-e0d2-4a4e-9eac-2aec31b90e36,Christopher Brown
f50782f2-b5e3-466f-b885-57b635480174,John Bowen
982ac86d-c60b-4f71-83a3-4fea2468db3c,Emily Hall
e8d807f4-c215-4ae5-adb3-6ff660f619d3,Angela Heath
f44c84f1-c9fd-44ba-ad7c-3f2d7a942285,Jasmine Hood
0d89564d-02d4-451b-ad06-1d584adec439,Dale Fitzgerald
06a8d21c-c19a-4830-8f34-ab7986d3bfe3,Dan Howard
c47f915b-bdde-4298-874d-c29b6272ff53,Dana Washington
ca0a1061-b208-429a-bae3-67dc85d54a5a,Jeffrey Williams
f0e96528-4f90-45e9-bcd8-7470c22eb5c4,Sarah Valentine
c748c1a7-77f4-4faa-9c6e-fda6a5edfabc,Cristina Hill
bfdf89f1-ffaa-4276-aef8-39d8c06cc3ad,Jordan Conner
80167b53-18c0-4a39-bbc5-cd945bff26ff,Jessica Burton
9a7de258-7cc0-4348-9a54-453f5ac92ee6,Sophia Davis
22263aeb-19aa-4bc7-b891-cf4fd1a0f360,Jamie Patrick
fb76b332-0d36-415e-b5e3-f98b4fb9c7aa,Patricia Carroll
ca589eee-b1c7-4bf0-8fb1-3c2f69461565,Thomas Carlson
14a2de7f-7cda-4787-90f3-0a6fa17f7676,Angela May
8f455c9c-96b2-459e-b96c-ea7a19556bb8,Kelly Taylor
a9d2d574-69ba-4cae-8bbe-267ac85b7b14,Ashley Hughes
993b2771-8de4-4a2f-980a-d06f3d907655,Michael Hughes
367a647b-e6ef-454d-9345-55f59da9b5ef,Danielle Hanson
154e7074-cc18-444f-a33c-2c02d2f7145b,Marvin Phillips
e4c9f001-b671-4b2e-aaab-59c614f23231,Rodney Rose
d5c9c48c-31eb-4c99-afd4-63de1207affc,Lisa Anderson
92859089-70e2-488d-bcd8-f9a8c15e68f6,James Nelson
f9f90470-76c1-4c4d-8138-d670b0e0b91b,Natalie Dyer
be14e959-276e-4ded-83e1-de1f2427d727,Lauren Wilcox
b3f8bb31-f231-4c1a-a5e2-12fa5155f9ea,David Garrett
7f4d2557-1b6a-4334-aa67-4c0dbe1fbef5,Jason Trevino
1708eac2-cb92-459f-b781-9a85c3ad5e57,Charles Lang
e68ff306-8192-4e59-ae00-3cf10dd4118b,Patrick Woods
49cd0e0a-aa7c-44a4-a441-0310613e2452,Heather Duncan
b187ed80-915f-4303-a9b1-e8d8f0406eaf,Kelly Jackson
2754b51b-3042-47c5-812e-0c22040ffdb0,Christian May
39588df9-52f3-49b9-b384-5435b838153a,Tina Hodges
e2b0e8fd-b6b6-4660-87e5-d395fc40dfa8,Tony Jenkins
124c0711-d066-4214-9473-94913b930084,Billy Williams
1691d7f6-c990-4859-afcf-ff26f403cd76,Jonathan Thomas
9e157ac3-2861-4fcb-b2ca-a23a45c034ec,Taylor Stephens
2821b4c1-6909-4bf2-98d3-4226652369a3,Daniel Tucker
7fa37c6d-41fc-4f8a-8c58-af532c54fd99,Eric Mullins
ffd8df0e-7a99-4a09-86f1-1fd0ed753fd6,Julian Miranda
dd32f8c7-27c2-4e84-a527-523c9b5fc1ca,Andrea Chandler
61f28c31-cfe7-4d80-80bd-cf0e1ce0768a,Travis Bennett
4f67acd2-05e8-4c57-a083-9aeb0c13a3d4,Tyler Duncan
7bb654e5-368c-434d-aa31-e44249b5876c,Mrs. Rebecca Johnson
1a3c654b-772a-48ae-95b1-0a26369aafa3,Jodi Myers
cb5a83ae-0e42-4484-bce1-653249644a55,Lisa Wolfe
7591ce7a-2946-4127-a93d-99420b051c8d,Mr. Paul Garcia II
b3216907-fbda-436a-a927-d27c050147c6,Andrew Harmon
4161d732-2ba0-4b7f-ae40-a630a1ed7866,Stephanie Harding
a2fda22a-6694-43bf-a6fa-863fdc567c51,Joseph King
3be7e8db-5396-4a5e-b830-3a0c452f5bce,Julie Scott
4a714aa7-5a85-4654-be4d-8abce2b79aec,Monica Wilson
a7918337-2bc0-419c-a535-68096464907f,Kiara Rodriguez
6d4b247b-05f4-4ab2-b7aa-e24a6e6de392,Steven Tucker
a00f9e0a-0a96-47d1-887d-89e03ca66d86,Cassandra Price
c7d4471f-c5a3-4993-b539-af478563d794,Caitlin Yang
b0e6ff8b-d7c0-4bf6-b4e2-79a35964b107,Toni Morris
14e835d7-e8cc-43c2-a950-e5ecbeea4b99,Tammy Washington
de074889-add5-4466-bf7e-2345d4c3f9c6,Nathan Frank
4986ebb2-ba7f-4298-a40f-5c570ffb41c0,Mrs. Gloria Stewart PhD
5b015c3a-5fe3-47b2-83bb-88b01b580dca,Lauren Herring
c45f55aa-215a-4f62-bce1-8c49fc331b65,Jessica Stevenson
d804ad35-a5b1-4432-98a6-48b71b37bebe,Amanda Nichols
bb226906-84f3-43ec-b06c-491f2f335ca7,Laura Mcintosh
c6718a14-19c5-4d21-8b04-6a1a739eb0c2,Alicia Robinson
68a05ec6-bdd6-4c32-8591-333acc29ff51,Brianna Hartman
4c3e4efb-54ac-477f-9473-304c3cf0dee4,Robert Brown
1a627a2f-7dbc-4d20-87eb-5ca5325288ee,Aaron Mcdaniel
c82cdeb7-3102-4a06-9bce-5b78e8d39bba,Margaret Harris
2755df6f-08b3-4bea-b2d7-ac49b4be256e,Lacey Brown
ca0dfdfb-037d-49e5-966f-e7d175acadfd,Patrick Chavez
f9dd353e-26e1-4bde-8870-4473fd62432e,David Garner
6059100e-6009-4688-8653-811373c7c63f,Melissa Young
78715713-34e0-4aad-9fa7-1d25488a4b3f,David Johnson
3464ef0d-6a60-46b0-b5c2-94cffe319ed5,Anthony Jones
a7522c65-ed41-4382-97d3-8cbfe645fd3c,James Martinez
fe03e72c-5d47-43e9-a0b6-dc3df62582a4,Marissa Todd
ed8f050e-c88f-40c4-8423-3cdb376f3560,Tyler Richardson
d06674bb-9bb1-4555-8a47-fa588fb66269,Bob Barnes
d991dd5b-5e92-4713-b658-c047dbb44390,Virginia Willis
b1be26f0-4e1c-443f-a275-541e1ef14ffa,Sherry Bowman
13feedee-458b-4a36-94bc-9f14637d9f9d,Christopher Chang
6d35848d-74e1-476f-9457-0413c862745e,Derek Ray
32b4630d-bbfe-4921-9e44-f69af71d7213,Emma Holden
fbc45a85-e1a0-4790-a227-5fb7d1a79e99,Shannon Schultz
585cb358-6d13-4609-9ac9-9cfc27605f51,Dr. Gail Giles
72a16a1a-6189-4fe4-82a5-e9427d328104,Michelle Roberson
6b6ffca2-0611-466f-890f-2a0c88e00a99,Kyle Graham
689839c3-dd57-4466-9636-5381140aef2b,Shannon Martin
e0f6c785-b7a7-4069-89ad-22b293122dce,Jessica Daniel
b6be31f8-cfed-40ce-b212-4fe8b96753f5,Jacob Nichols
30f475f8-2351-4e3e-94c7-7a3ed16e9890,Christy Perry
b77c8231-80f4-44c7-9402-b4ddf2ccb8bf,Megan Lewis
e54edcbc-56be-4e56-974e-c8c5bdabf94f,Joan Little
93e95928-6704-4ab8-a912-b623fceca3de,Alexandria Noble
c598f39f-f6f0-4565-8832-2f0b4c50167d,Nicole Smith
464fac42-3ac7-40cb-9b45-e1ea519b5b00,Ronald Smith
1f8c07c7-c573-46a5-91da-771c8f295555,James Mann
06d9beb4-b813-43b3-bb48-2b27d8cdd2b1,Tami Huber
3d49ad5b-4cd4-4633-b6b5-f9256b635117,Chase King
04f245ef-5c47-485f-94b1-64920bca5ffa,Tara Scott
62a04493-035a-43c7-b171-a6f661d526bf,Stephanie Hansen
64f0c7aa-d1f7-4bc8-b41d-8d54ab415a75,Sara Russo
e7e55760-a467-4366-8c8b-9d170a38760e,Laurie James
666b7534-45b6-4fa3-ac93-d29feb140da8,Marcus Franklin
ec23b63c-71d6-4c71-a584-d99daf7055a1,Peter Lang
a7c6c23b-3b30-46f8-a9fc-0d6c05270536,Anna Cameron
79596838-d8a0-4e90-9b59-15495f4d3ee1,Vincent Rasmussen
1bc06f5e-76b9-4501-afe4-9992594f03c0,Emma Schroeder
50ee15d6-9f6d-45f8-aa50-79dc7ee6c037,John Smith
33ffecdd-4b6e-49cd-92a5-bb8072c9ca69,Grant Myers
e25b655b-9d0f-4195-8470-af62ab8b806a,Justin Hickman
37a4a6f7-96d3-4590-9e0c-29b1c1fa366a,Susan Wang
12d8af28-48d5-48b9-957d-0e9ff96c07fa,William Maldonado
55f1bca0-9913-4014-aecf-9a063d205515,William Moody
227cfd44-8f88-4e81-ac52-5d6d93ddcc66,Jennifer Bell
d4a7de06-6ee2-4af9-85d7-f17ea2f7213c,Amber Patterson
fcad65cc-e20b-4a31-a3ff-6932e8e1e774,David Cook
2d01a836-5090-4c10-b2fb-a70d943124de,Teresa Hunter
6f586beb-04d5-4a45-aaf2-44522a4b1d2f,Krystal Clayton
8c386694-b43b-46f0-a77a-3a617b82369b,Michael Edwards
9a0dc290-4e25-4014-8604-8fad5155ba90,Andrew Nelson
6ab9665c-7dfe-477f-bdb5-d47b144a5fd5,Emily Robinson
499e0301-590e-4b52-9161-354454f66521,Jeffery Dougherty
49010c5a-62e2-43d1-9061-13376fe8eb84,Lauren Smith
3736f45a-1717-450d-871c-adc846c071ff,Christine Phillips
efceec97-b076-4afb-a130-8b28c56325ea,Jason Pratt
08d04bf3-fce6-49e6-85a2-c809ea42d7a3,Jennifer Evans
597abc3b-79e2-47b0-b7c5-5fecfc9ccef2,Susan Wong
addb3f15-9bf3-4115-82d0-58a463eddc9e,Richard Figueroa
f73768fc-5369-452c-82f4-5f089f8a13f7,Mark Conner
510fa3a5-7cc0-4e48-a891-9b25b004332c,Roy Compton
21ac0103-2bf3-46d0-9b6c-c4ca01ac095d,Sue Williams
33ae2c98-758d-4898-82c1-9cd6153132f0,Robert Stewart
f792412c-e7ac-462d-8f98-46884d3db16f,Brandon Hogan
f9f3e486-777d-4033-a0bc-f46c1780b90b,Jacob Brown
096831f7-638c-4878-8aa9-548880dfe735,Susan Barton
9601a573-6680-4dee-9f5a-c753bb0ddd11,Robert Graham
1e133fee-cbae-49e5-92f5-2afa94f59680,Kirk Blanchard
06c2a29b-9fe5-4b90-b2b5-c5ac81980404,Tyler Horne
572f55b0-556a-42ca-b543-aa4773302a1f,Rodney Hart
feb5ee5a-8d83-4148-8df0-8983d1dad19d,Kelly Williams
a7c78d97-c065-4e31-8847-390b76a39768,David Perry
b935befb-5ac6-41c3-b613-75282e17fb54,Kevin Montgomery
cddba5da-5684-4edb-a20d-cc640cf918c2,Carolyn Kelley
5217c9df-a596-49eb-92f3-38a2536d9d80,Dorothy Baker
7506ce34-3703-4e36-9647-5a0b92e38357,Megan Mathis
813e4f5b-e10c-47fa-955d-e81c72486c9a,Melissa Allen
a7cd9a4a-5668-4a7e-813a-efd5cee189a5,James Whitaker
59628756-ef27-4ad9-9252-20a78f7202d8,Ms. Jessica Peterson
084b2597-639f-46c3-b778-24315064adec,Joe Johnson
54e02549-ed37-4a5b-beb1-3849dbddbf9b,John Johnston
6a170964-6d7c-4c92-9077-1cac75fbb42e,Charles Wade
4603ae67-224e-45a9-8c6f-d32e1ff0bcb1,Cindy Thompson
c1eeca0f-614a-4b6a-a498-093b72893736,Taylor Wright
35e84cb1-3c21-4b55-a5cf-38537b4b8146,Kelly Johnson
2c4360d1-5802-487d-b713-bd771905383f,Evan Lopez
36485fe1-89d4-4d6b-bb2e-ba8207576302,Charlotte Wheeler
39b0bbaf-8fa1-4536-91dc-0444c45f8955,Michael Long
acea98b4-abe0-4545-9f13-338ee0519f01,Eric Zavala
705a562d-a837-4787-b671-a61344f10a05,Deborah Bennett
b2037c66-6ea8-4cfc-9bbd-2392f7e91859,Jeffrey Ramirez
4e47a465-b494-4fc1-ad37-4a930364d7ff,Amy Johnson
436837b4-7290-4f01-856e-86e5304f85d4,Andrea Garner
76884fda-8b85-41e3-95e1-455ddd43d77b,Carol Harrison
b08cdf9f-b62a-4d8c-a177-095eef6ca663,Amy Wade
48016466-acab-4466-b227-4b5716d5ebe4,Kristin Jones
bcdff978-dc49-4fca-97d4-e1b19cd6b7f7,Teresa Brown
1a470f97-b05e-4bf1-b16f-f920f39f8bea,Joy Kent
0ee50694-fcb1-4759-9d5f-0864515b03ce,Cynthia Cook
4f6c641c-3086-4803-b058-83dc68414bba,Katherine King
a2012a36-2d2f-4d5c-9429-ec0d479fb6c6,Lisa Walters
9ed72f91-f21e-4e72-bf03-deb26b8bbbe5,Eric Brown
2d2a5c22-d808-4e9f-a48f-a111b36c7406,Courtney Diaz
40b358c8-d32c-43d7-abbd-77374eeed6a9,Leslie Wright
bbac6363-dfc0-4ba8-bb4f-073d49d64dc8,Rachel Evans MD
d4d7b8c1-e6aa-44a3-9057-a9d310bab9bf,Michael Paul DVM
680c9a8a-0d40-4a03-9c7b-894333fb008c,Amy Nichols
7593cbcc-a910-4935-9748-8c13e1d1b1c3,Alexis Smith
0a640b6d-66de-48b4-bfde-47efe6aa8df6,Blake Allen
846bf17f-119f-41e4-b636-f690dab3a72d,Kayla Olson
a6739fd8-bfc6-4469-8aea-407ed7fc84ed,Eric Montoya
3f959009-84ad-45cd-ad56-777ed2150825,Sandra Lynch
9c26ae16-c6c8-4dc8-bb5c-29f2d5814c71,Derek Martinez
216f917a-8c80-43ff-a409-4cdecf3e6662,Monica Adams
d881f993-5100-439a-86c3-34b48e9cb635,Adam Christensen
9ca49927-8cae-497e-93ef-21538cd3132c,Sharon Hodges
7d809921-9b58-40b7-bf0a-10d1b2229f34,Alexis Roberts
c4a83a6e-31de-4c45-b3fd-6bc4a4db5eb6,Benjamin Meyer
810c915f-5a04-42ab-8b0d-5f839dafb2e9,Brandy Castro
a1555d8d-f6fa-4ef8-90ae-789743b256ba,Eugene Miller
5ccb8357-0f7e-4844-8789-b82b11118a5d,Heather Adams
0b8079f2-dabc-48aa-bcd4-b7fd6ac729f8,Donna Gallagher
dea2a8f2-384e-479c-82f7-d3a215aff4be,Mr. Andrew Lewis
4573a45c-2015-426d-b3b4-5a5057e58006,Richard Stewart
e2094e7b-a97a-4d18-9044-a81214d52cf5,David Santiago
1aa27f5f-4205-45b4-89d2-0a65bfba1951,Amber Rojas
1459c01a-9f0c-4684-a4f9-be3ec2256791,Melanie Monroe
b75b5e0a-3549-43fb-890b-cd8580c52686,Amanda Russell
2b41f5e6-c0e3-4c86-8c1c-9d52325dff5d,Terry Ward
dc037327-73eb-424e-8f8a-7f2b93eec34b,Brian Lowe
bac55df5-0c21-4c83-8020-0b5f66ac6e9d,Rebecca Holt
017ab393-5d7c-45f6-a8fc-276e401105a1,Sara Wong
ebe8a378-0b78-4eca-bcf6-ee8a62a5a069,Steven Stokes
d7aa9bb9-2f2c-475a-903a-f5b9c2b6f8d4,Christopher Davis
9ad4774a-d1eb-4ed1-bfec-265e5815f0a9,Mark Smith
5d8894c4-48b8-41ab-857f-b3a33511e623,Kristen Garcia
f7165edd-9430-420b-9f60-9e4e115bd969,Mr. James Waters
2346b4be-ca3c-42e9-b7bc-cb0df610ddd9,Denise Wagner
be935ee5-1875-47ef-9b4b-deb0a6fd8e05,Vincent Thomas
013e0763-7fe0-444f-a448-7f1b627850f4,Diana Collins
9a66e2c9-d489-46ae-8b72-d601e168a79c,Gregg Jones
4fbdedb1-b2ad-467f-87c9-4cccb302e844,Andrew Baker
92f37bdd-3dc1-487e-b6d6-b3bf3d15cd80,Tina Johnson
7cbbb256-355b-4ce9-83db-d4c4ed4536ee,Keith Ford
1779d66c-1989-4b29-9a87-72d0eac51af2,Timothy Haley
a51ce841-e727-45fd-8df0-dbb26281b74a,Gregory Gomez PhD
952ca87d-5d6e-439b-bde4-ae53d71bdd72,Paige Rose
ace44785-77bf-47dc-86a9-cc5d7814076e,Angela Robles
5e7b5ea3-1997-4ed0-b85f-e48643f57b2f,Alison Schwartz
c5c969a6-c59c-44a4-bf57-b2de0048c0f1,Marvin Hill
47b289b8-43cb-48a8-843a-ac776b9a6891,Alexander Shaffer
36441fcc-5eaf-4a9b-b16c-888663b8af6b,Andrew Hubbard
1fc3e9cd-1e1d-41d5-95da-e3226495433f,David Houston
7831e497-127c-46c8-9e81-0bf2314269db,Heather Hamilton
db07bfb8-68a9-46ea-8877-90b00489a9fa,Kevin Porter
0fdad89f-fefa-456a-9d61-379e530bf62a,Alicia Beck
3cc26d5c-adb4-4423-b368-6596a20a3eb9,Jill Powell
9bd68f7f-f466-4dcf-b3f2-80237fb0e5f0,Juan Stewart
c55351a9-960d-4eee-ab2d-1de44e761156,Adam Hall
4e2cee75-bd95-4755-9a31-4be071b77ae6,Kelly Lewis
cc400ca4-6006-4136-9818-c6574f1cbe18,Kevin Smith
ac11338d-7f62-4b0a-ba84-32a96f56dd04,Felicia Hogan
3d838da4-e3fd-4072-9e40-de97ff5a96b8,Joann Graham
2dd82d26-880b-476c-94cc-34b6e980c803,Mark Schaefer
352e02dd-eac3-4276-b23f-b589903f3f40,Alexander Gould
714d4435-cf58-4933-8ad9-2b5520b60c2e,Ryan Alexander
766d08ef-889f-4c72-945d-aa0a191365c8,Michael Sanders
f792a48a-b0d4-4da9-abde-71bb96fc45fc,Joan Mckay
70c98d9f-f960-4368-ac93-1746df4d7ac8,Eric Simon
94c349cb-9134-446d-a911-3ccc2da7a118,Patricia Burns
7849a33f-d86e-4d49-b4a2-59e0b604eb2a,David Henry
58635bcd-0721-4f2b-b8cb-158b9e00f3b8,Carl Middleton
9191ad29-dd91-4500-81ff-f72d9ecc2a65,Carl Wiggins
39a7c510-a378-4867-9a47-a9f9c17706fc,Deborah Simpson
5bf6837d-8c62-4fe0-bbe4-04a14695bd93,Diana Aguilar
234c904f-b6cf-4b4d-8144-c1804851b9bb,Luis Tucker
57cd1fe6-a8c4-45db-82ed-b3b91d42702e,Willie Galvan
42eeeda6-14de-4b25-bffc-2d4f206260c8,William Mosley
b48fbf69-4a09-444b-a9fb-4c9f6ac54afa,Aaron Ellis
8d251ac3-9780-4029-acd8-08e6936a9bf5,Jason Gardner
3819b0bc-fd7a-4fd9-a55b-aa5d7def9679,Clarence Jensen
e92fe368-148b-4156-af34-90c3fc39ce62,John Bailey
3b69c698-df7d-404a-9626-df6c7ec75523,Julie Weiss
d7ebbb3b-0093-4fcf-b37b-2d10a03aa035,Barbara Jackson
87335fbd-c74b-4eae-bcb7-f9693dd56967,Thomas Perez
c58bc3ed-be28-40c7-beb5-aaa57ea11477,John Dickerson
1bef29a7-fb68-415d-8664-54143e552c77,Angela Nguyen
a2203fba-921d-451c-91e2-c8c82e795f6b,Charles Mayer
ea2dfc74-e5fa-4bb2-85b8-d676bbf37285,Eric Hernandez
1cff25f5-5bf9-4940-aac8-2114e9e5647a,Curtis Hurley
f3b77790-3a6b-4fb0-b380-63e444b4b2fa,Jason Torres
b3359156-7fcf-414a-b323-8a0eefe8bfbc,John Gonzalez
2e70b40d-07b6-49fa-a2d2-8d6543114af2,Jackie Collins
4bb69b0e-646e-4fc0-8a37-a553a56a08e2,John Kennedy
267cf0f2-c24a-48e3-af7d-c2be61b17c0f,Jasmine Reese
741da080-42f3-4fbc-8cbb-f782e12f9d50,Jennifer Smith
6e89433f-06ce-4592-b501-5bf5cda16928,Justin Blackwell
2afb032e-c203-4e0b-8495-1f9dc22c9de3,John Moss
56329715-2f5f-4071-b9ff-a38cf4ba0db5,Steven Perez
b65b0578-d690-440d-83a2-3150a4d29be3,Laura Sawyer
bad7e816-0d02-4d1b-b48c-b4c88f84528e,Marissa Garrison
ee761553-c17a-47fa-9437-f7b323274be9,Manuel Mills
2ad61628-116b-4a12-9840-be89b217cf25,Andrew Bullock
dd843cbb-a3cf-4284-bf60-01062ac3a7b8,Bryan Wood
1c6e8966-9371-4743-a776-b047889fa088,Andrea Vang
f53d804f-5d05-4caa-a32e-f92e07500ed7,James Obrien
aa4321a8-724c-4db2-897c-6ad373b35b1f,Shannon Dudley
